date;currency_code;name;local_price;dollar_ex;dollar_price
01/04/2000;ARS;Argentina;2.5;1;2.5
01/04/2000;AUD;Australia;2.59;1;2.59
01/04/2000;BRL;Brazil;2.95;1;2.95
01/04/2000;GBP;Britain;1.9;1;1.9
01/04/2000;CAD;Canada;2.85;1;2.85
01/04/2000;CLP;Chile;1260.0;514;2.45
01/04/2000;CNY;China;9.9;8;1.24
01/04/2000;CZK;Czech Republic;54.37;39;1.39
01/04/2000;DKK;Denmark;24.75;8;3.09
01/04/2000;EUR;Euro area;2.56;1;2.56
01/04/2000;HKD;Hong Kong;10.2;7;1.46
01/04/2000;HUF;Hungary;339.0;279;1.22
01/04/2000;IDR;Indonesia;14500.0;7945;1.83
01/04/2000;ILS;Israel;14.5;4;3.62
01/04/2000;JPY;Japan;294.0;106;2.77
01/04/2000;MYR;Malaysia;4.52;3;1.51
01/04/2000;MXN;Mexico;20.9;9;2.32
01/04/2000;NZD;New Zealand;3.4;2;1.7
01/04/2000;PLN;Poland;5.5;4;1.38
01/04/2000;RUB;Russia;39.5;28;1.41
01/04/2000;SGD;Singapore;3.2;1;3.2
01/04/2000;ZAR;South Africa;9.0;6;1.5
01/04/2000;KRW;South Korea;3000.0;1108;2.71
01/04/2000;SEK;Sweden;24.0;8;3.0
01/04/2000;CHF;Switzerland;5.9;1;5.9
01/04/2000;TWD;Taiwan;70.0;30;2.33
01/04/2000;THB;Thailand;55.0;38;1.45
01/04/2000;USD;United States;2.24;1;2.24
01/04/2001;ARS;Argentina;2.5;1;2.5
01/04/2001;AUD;Australia;3.0;1;3.0
01/04/2001;BRL;Brazil;3.6;2;1.8
01/04/2001;GBP;Britain;1.99;1;1.99
01/04/2001;CAD;Canada;3.33;1;3.33
01/04/2001;CLP;Chile;1260.0;601;2.1
01/04/2001;CNY;China;9.9;8;1.24
01/04/2001;CZK;Czech Republic;56.0;39;1.44
01/04/2001;DKK;Denmark;24.75;8;3.09
01/04/2001;EUR;Euro area;2.57;1;2.57
01/04/2001;HKD;Hong Kong;10.7;7;1.53
01/04/2001;HUF;Hungary;399.0;303;1.32
01/04/2001;IDR;Indonesia;14700.0;10855;1.35
01/04/2001;JPY;Japan;294.0;124;2.37
01/04/2001;MYR;Malaysia;4.52;3;1.51
01/04/2001;MXN;Mexico;21.9;9;2.43
01/04/2001;NZD;New Zealand;3.6;2;1.8
01/04/2001;PHP;Philippines;59.0;50;1.18
01/04/2001;PLN;Poland;5.9;4;1.48
01/04/2001;RUB;Russia;35.0;28;1.25
01/04/2001;SGD;Singapore;3.3;1;3.3
01/04/2001;ZAR;South Africa;9.7;8;1.21
01/04/2001;KRW;South Korea;3000.0;1325;2.26
01/04/2001;SEK;Sweden;24.0;10;2.4
01/04/2001;CHF;Switzerland;6.3;1;6.3
01/04/2001;TWD;Taiwan;70.0;32;2.19
01/04/2001;THB;Thailand;55.0;45;1.22
01/04/2001;USD;United States;2.24;1;2.24
01/04/2002;ARS;Argentina;2.5;3;0.83
01/04/2002;AUD;Australia;3.0;1;3.0
01/04/2002;BRL;Brazil;3.6;2;1.8
01/04/2002;GBP;Britain;1.99;1;1.99
01/04/2002;CAD;Canada;3.33;1;3.33
01/04/2002;CLP;Chile;1400.0;655;2.14
01/04/2002;CNY;China;10.5;8;1.31
01/04/2002;CZK;Czech Republic;56.28;34;1.66
01/04/2002;DKK;Denmark;24.75;8;3.09
01/04/2002;EUR;Euro area;2.67;1;2.67
01/04/2002;HKD;Hong Kong;11.2;8;1.4
01/04/2002;HUF;Hungary;459.0;272;1.69
01/04/2002;IDR;Indonesia;16000.0;9430;1.7
01/04/2002;ILS;Israel;12.0;4;3.0
01/04/2002;JPY;Japan;262.0;130;2.02
01/04/2002;MYR;Malaysia;5.04;3;1.68
01/04/2002;MXN;Mexico;21.9;9;2.43
01/04/2002;NZD;New Zealand;3.6;2;1.8
01/04/2002;NOK;Norway;35.0;8;4.38
01/04/2002;PEN;Peru;8.5;3;2.83
01/04/2002;PHP;Philippines;65.0;51;1.27
01/04/2002;PLN;Poland;5.9;4;1.48
01/04/2002;RUB;Russia;39.0;31;1.26
01/04/2002;SGD;Singapore;3.3;1;3.3
01/04/2002;ZAR;South Africa;9.7;10;0.97
01/04/2002;KRW;South Korea;3100.0;1304;2.38
01/04/2002;SEK;Sweden;26.0;10;2.6
01/04/2002;CHF;Switzerland;6.3;1;6.3
01/04/2002;TWD;Taiwan;70.0;34;2.06
01/04/2002;THB;Thailand;55.0;43;1.28
01/04/2002;TRY;Turkey;4000000.0;1324500;3.02
01/04/2002;USD;United States;2.35;1;2.35
01/04/2002;VEF;Venezuela;2500.0;857;2.92
01/04/2003;ARS;Argentina;4.1;2;2.05
01/04/2003;AUD;Australia;3.0;1;3.0
01/04/2003;BRL;Brazil;4.55;3;1.52
01/04/2003;GBP;Britain;1.99;1;1.99
01/04/2003;CAD;Canada;3.2;1;3.2
01/04/2003;CLP;Chile;1400.0;716;1.96
01/04/2003;CNY;China;9.9;8;1.24
01/04/2003;CZK;Czech Republic;56.57;28;2.02
01/04/2003;DKK;Denmark;27.75;6;4.62
01/04/2003;EGP;Egypt;8.0;5;1.6
01/04/2003;EUR;Euro area;2.71;1;2.71
01/04/2003;HKD;Hong Kong;11.5;7;1.64
01/04/2003;HUF;Hungary;490.0;224;2.19
01/04/2003;IDR;Indonesia;16100.0;8740;1.84
01/04/2003;JPY;Japan;262.0;120;2.18
01/04/2003;MYR;Malaysia;5.04;3;1.68
01/04/2003;MXN;Mexico;23.0;10;2.3
01/04/2003;NZD;New Zealand;3.95;1;3.95
01/04/2003;PEN;Peru;7.9;3;2.63
01/04/2003;PHP;Philippines;65.0;52;1.25
01/04/2003;PLN;Poland;6.3;3;2.1
01/04/2003;RUB;Russia;41.0;31;1.32
01/04/2003;SGD;Singapore;3.3;1;3.3
01/04/2003;ZAR;South Africa;13.95;7;1.99
01/04/2003;KRW;South Korea;3300.0;1220;2.7
01/04/2003;SEK;Sweden;30.0;8;3.75
01/04/2003;CHF;Switzerland;6.3;1;6.3
01/04/2003;TWD;Taiwan;70.0;34;2.06
01/04/2003;THB;Thailand;59.0;42;1.4
01/04/2003;TRY;Turkey;3750000.0;1600500;2.34
01/04/2003;USD;United States;2.46;1;2.46
01/04/2003;VEF;Venezuela;3700.0;1598;2.32
01/05/2004;ARS;Argentina;4.36;2;2.18
01/05/2004;AUD;Australia;3.25;1;3.25
01/05/2004;BRL;Brazil;5.4;3;1.8
01/05/2004;GBP;Britain;1.88;1;1.88
01/05/2004;CAD;Canada;3.19;1;3.19
01/05/2004;CLP;Chile;1400.0;641;2.18
01/05/2004;CNY;China;10.4;8;1.3
01/05/2004;COP;Colombia;6500.0;2769;2.35
01/05/2004;CRC;Costa Rica;1130.0;433;2.61
01/05/2004;CZK;Czech Republic;56.42;26;2.17
01/05/2004;DKK;Denmark;27.75;6;4.62
01/05/2004;EGP;Egypt;10.0;6;1.67
01/05/2004;EUR;Euro area;2.74;1;2.74
01/05/2004;HKD;Hong Kong;12.0;7;1.71
01/05/2004;HUF;Hungary;530.0;211;2.51
01/05/2004;IDR;Indonesia;16100.0;9120;1.77
01/05/2004;JPY;Japan;262.0;113;2.32
01/05/2004;MYR;Malaysia;5.04;3;1.68
01/05/2004;MXN;Mexico;24.0;11;2.18
01/05/2004;NZD;New Zealand;4.35;1;4.35
01/05/2004;NOK;Norway;35.5;6;5.92
01/05/2004;PKR;Pakistan;110.0;57;1.93
01/05/2004;PEN;Peru;8.99;3;3.0
01/05/2004;PHP;Philippines;69.0;55;1.25
01/05/2004;PLN;Poland;6.3;3;2.1
01/05/2004;RUB;Russia;42.0;29;1.45
01/05/2004;SAR;Saudi Arabia;2.4;3;0.8
01/05/2004;SGD;Singapore;3.3;1;3.3
01/05/2004;ZAR;South Africa;12.4;6;2.07
01/05/2004;KRW;South Korea;3200.0;1177;2.72
01/05/2004;LKR;Sri Lanka;140.0;99;1.41
01/05/2004;SEK;Sweden;30.0;7;4.29
01/05/2004;CHF;Switzerland;6.3;1;6.3
01/05/2004;TWD;Taiwan;75.0;33;2.27
01/05/2004;THB;Thailand;59.0;40;1.48
01/05/2004;TRY;Turkey;3950000.0;1531000;2.58
01/05/2004;UAH;Ukraine;7.25;5;1.45
01/05/2004;USD;United States;2.47;1;2.47
01/05/2004;UYU;Uruguay;29.8;29;1.03
01/05/2004;VEF;Venezuela;4400.0;2977;1.48
01/06/2005;ARS;Argentina;4.75;2;2.38
01/06/2005;AUD;Australia;3.25;1;3.25
01/06/2005;BRL;Brazil;5.9;2;2.95
01/06/2005;GBP;Britain;1.88;1;1.88
01/06/2005;CAD;Canada;3.28;1;3.28
01/06/2005;CLP;Chile;1500.0;592;2.53
01/06/2005;CNY;China;10.5;8;1.31
01/06/2005;COP;Colombia;6500.0;2327;2.79
01/06/2005;CRC;Costa Rica;1130.0;475;2.38
01/06/2005;CZK;Czech Republic;56.42;24;2.35
01/06/2005;DKK;Denmark;27.75;6;4.62
01/06/2005;EGP;Egypt;9.0;5;1.8
01/06/2005;EUR;Euro area;2.92;1;2.92
01/06/2005;HKD;Hong Kong;12.0;7;1.71
01/06/2005;HUF;Hungary;530.0;203;2.61
01/06/2005;IDR;Indonesia;14600.0;9545;1.53
01/06/2005;JPY;Japan;250.0;106;2.36
01/06/2005;MYR;Malaysia;5.25;3;1.75
01/06/2005;MXN;Mexico;28.0;10;2.8
01/06/2005;NZD;New Zealand;4.45;1;4.45
01/06/2005;NOK;Norway;39.0;6;6.5
01/06/2005;PKR;Pakistan;130.0;59;2.2
01/06/2005;PEN;Peru;8.99;3;3.0
01/06/2005;PHP;Philippines;80.0;54;1.48
01/06/2005;PLN;Poland;6.5;3;2.17
01/06/2005;RUB;Russia;42.0;28;1.5
01/06/2005;SAR;Saudi Arabia;9.0;3;3.0
01/06/2005;SGD;Singapore;3.6;1;3.6
01/06/2005;ZAR;South Africa;13.95;6;2.32
01/06/2005;KRW;South Korea;2500.0;1005;2.49
01/06/2005;LKR;Sri Lanka;175.0;99;1.77
01/06/2005;SEK;Sweden;31.0;7;4.43
01/06/2005;CHF;Switzerland;6.3;1;6.3
01/06/2005;TWD;Taiwan;75.0;31;2.42
01/06/2005;THB;Thailand;60.0;40;1.5
01/06/2005;TRY;Turkey;4.0;1;4.0
01/06/2005;AED;UAE;9.0;3;3.0
01/06/2005;UAH;Ukraine;7.25;5;1.45
01/06/2005;USD;United States;2.58;1;2.58
01/06/2005;UYU;Uruguay;44.0;24;1.83
01/06/2005;VEF;Venezuela;5600.0;2629;2.13
01/01/2006;ARS;Argentina;4.75;3;1.58
01/01/2006;AUD;Australia;3.25;1;3.25
01/01/2006;BRL;Brazil;6.2;2;3.1
01/01/2006;GBP;Britain;1.88;1;1.88
01/01/2006;CAD;Canada;3.52;1;3.52
01/01/2006;CLP;Chile;1560.0;522;2.99
01/01/2006;CNY;China;10.5;8;1.31
01/01/2006;CZK;Czech Republic;62.0;23;2.7
01/01/2006;DKK;Denmark;27.75;6;4.62
01/01/2006;EGP;Egypt;9.25;5;1.85
01/01/2006;EUR;Euro area;2.91;1;2.91
01/01/2006;HKD;Hong Kong;12.0;7;1.71
01/01/2006;HUF;Hungary;560.0;206;2.72
01/01/2006;IDR;Indonesia;14600.0;9460;1.54
01/01/2006;JPY;Japan;250.0;114;2.19
01/01/2006;MYR;Malaysia;5.5;3;1.83
01/01/2006;MXN;Mexico;28.0;10;2.8
01/01/2006;NZD;New Zealand;4.45;1;4.45
01/01/2006;PEN;Peru;9.5;3;3.17
01/01/2006;PHP;Philippines;82.0;52;1.58
01/01/2006;PLN;Poland;6.5;3;2.17
01/01/2006;RUB;Russia;46.0;28;1.64
01/01/2006;SGD;Singapore;3.6;1;3.6
01/01/2006;ZAR;South Africa;13.95;6;2.32
01/01/2006;KRW;South Korea;2500.0;977;2.56
01/01/2006;SEK;Sweden;33.0;7;4.71
01/01/2006;CHF;Switzerland;6.3;1;6.3
01/01/2006;TWD;Taiwan;75.0;31;2.42
01/01/2006;THB;Thailand;60.0;39;1.54
01/01/2006;TRY;Turkey;4.1;1;4.1
01/01/2006;USD;United States;2.67;1;2.67
01/01/2006;VEF;Venezuela;5900.0;2615;2.26
01/05/2006;ARS;Argentina;7.0;3;2.33
01/05/2006;AUD;Australia;3.25;1;3.25
01/05/2006;BRL;Brazil;6.4;2;3.2
01/05/2006;GBP;Britain;1.94;1;1.94
01/05/2006;CAD;Canada;3.52;1;3.52
01/05/2006;CLP;Chile;1560.0;529;2.95
01/05/2006;CNY;China;10.5;8;1.31
01/05/2006;COP;Colombia;6500.0;2503;2.6
01/05/2006;CRC;Costa Rica;1130.0;509;2.22
01/05/2006;CZK;Czech Republic;59.05;22;2.68
01/05/2006;DKK;Denmark;27.75;5;5.55
01/05/2006;EGP;Egypt;9.5;5;1.9
01/05/2006;EUR;Euro area;2.939.573.529;1;2.94
01/05/2006;HKD;Hong Kong;12.0;7;1.71
01/05/2006;HUF;Hungary;560.0;206;2.72
01/05/2006;IDR;Indonesia;14600.0;9325;1.57
01/05/2006;JPY;Japan;250.0;112;2.23
01/05/2006;MYR;Malaysia;5.5;3;1.83
01/05/2006;MXN;Mexico;29.0;11;2.64
01/05/2006;NZD;New Zealand;4.45;1;4.45
01/05/2006;NOK;Norway;43.0;6;7.17
01/05/2006;PKR;Pakistan;130.0;60;2.17
01/05/2006;PEN;Peru;9.5;3;3.17
01/05/2006;PHP;Philippines;85.0;52;1.63
01/05/2006;PLN;Poland;6.5;3;2.17
01/05/2006;RUB;Russia;48.0;27;1.78
01/05/2006;SAR;Saudi Arabia;9.0;3;3.0
01/05/2006;SGD;Singapore;3.6;1;3.6
01/05/2006;ZAR;South Africa;13.95;6;2.32
01/05/2006;KRW;South Korea;2500.0;952;2.63
01/05/2006;LKR;Sri Lanka;190.0;102;1.86
01/05/2006;SEK;Sweden;33.0;7;4.71
01/05/2006;CHF;Switzerland;6.3;1;6.3
01/05/2006;TWD;Taiwan;75.0;32;2.34
01/05/2006;THB;Thailand;60.0;38;1.58
01/05/2006;TRY;Turkey;4.2;1;4.2
01/05/2006;AED;UAE;9.0;3;3.0
01/05/2006;UAH;Ukraine;8.5;5;1.7
01/05/2006;USD;United States;2.78;1;2.78
01/05/2006;UYU;Uruguay;42.28;23;1.84
01/05/2006;VEF;Venezuela;5701.25;2519;2.26
01/01/2007;ARS;Argentina;8.25;3;2.75
01/01/2007;AUD;Australia;3.45;1;3.45
01/01/2007;BRL;Brazil;6.4;2;3.2
01/01/2007;GBP;Britain;1.94;1;1.94
01/01/2007;CAD;Canada;3.63;1;3.63
01/01/2007;CLP;Chile;1670.0;540;3.09
01/01/2007;CNY;China;11.0;7;1.57
01/01/2007;COP;Colombia;6900.0;2239;3.08
01/01/2007;CRC;Costa Rica;1130.0;509;2.22
01/01/2007;CZK;Czech Republic;52.1;21;2.48
01/01/2007;DKK;Denmark;27.75;5;5.55
01/01/2007;EGP;Egypt;9.09;5;1.82
01/01/2007;EUR;Euro area;2.94;1;2.94
01/01/2007;HKD;Hong Kong;12.0;7;1.71
01/01/2007;HUF;Hungary;590.0;194;3.04
01/01/2007;IDR;Indonesia;15900.0;9090;1.75
01/01/2007;JPY;Japan;280.0;121;2.31
01/01/2007;MYR;Malaysia;5.5;3;1.83
01/01/2007;MXN;Mexico;29.0;10;2.9
01/01/2007;NZD;New Zealand;4.6;1;4.6
01/01/2007;NOK;Norway;41.5;6;6.92
01/01/2007;PKR;Pakistan;140.0;60;2.33
01/01/2007;PEN;Peru;9.5;3;3.17
01/01/2007;PHP;Philippines;85.0;49;1.73
01/01/2007;PLN;Poland;6.9;2;3.45
01/01/2007;RUB;Russia;49.0;26;1.88
01/01/2007;SAR;Saudi Arabia;9.0;3;3.0
01/01/2007;SGD;Singapore;3.6;1;3.6
01/01/2007;ZAR;South Africa;15.5;7;2.21
01/01/2007;KRW;South Korea;2900.0;940;3.09
01/01/2007;LKR;Sri Lanka;190.0;102;1.86
01/01/2007;SEK;Sweden;32.0;7;4.57
01/01/2007;CHF;Switzerland;6.3;1;6.3
01/01/2007;TWD;Taiwan;75.0;32;2.34
01/01/2007;THB;Thailand;62.0;35;1.77
01/01/2007;TRY;Turkey;4.55;1;4.55
01/01/2007;AED;UAE;10.0;3;3.33
01/01/2007;UAH;Ukraine;9.0;5;1.8
01/01/2007;USD;United States;2.89;1;2.89
01/01/2007;UYU;Uruguay;55.0;23;2.39
01/01/2007;VEF;Venezuela;6800.0;4125;1.65
01/06/2007;ARS;Argentina;8.25;3;2.75
01/06/2007;AUD;Australia;3.45;1;3.45
01/06/2007;BRL;Brazil;6.9;1;6.9
01/06/2007;GBP;Britain;1.99;1;1.99
01/06/2007;CAD;Canada;3.88;1;3.88
01/06/2007;CLP;Chile;1565.0;526;2.98
01/06/2007;CNY;China;11.0;7;1.57
01/06/2007;COP;Colombia;6900.0;1956;3.53
01/06/2007;CRC;Costa Rica;1130.0;518;2.18
01/06/2007;CZK;Czech Republic;52.9;21;2.52
01/06/2007;DKK;Denmark;27.75;5;5.55
01/06/2007;EGP;Egypt;9.54;5;1.91
01/06/2007;EUR;Euro area;3.057.482.443;1;3.06
01/06/2007;HKD;Hong Kong;12.0;7;1.71
01/06/2007;HUF;Hungary;600.0;180;3.33
01/06/2007;IDR;Indonesia;15900.0;9015;1.76
01/06/2007;JPY;Japan;280.0;122;2.3
01/06/2007;MYR;Malaysia;5.5;3;1.83
01/06/2007;MXN;Mexico;29.0;10;2.9
01/06/2007;NZD;New Zealand;4.6;1;4.6
01/06/2007;NOK;Norway;40.0;5;8.0
01/06/2007;PKR;Pakistan;140.0;60;2.33
01/06/2007;PEN;Peru;9.5;3;3.17
01/06/2007;PHP;Philippines;85.0;45;1.89
01/06/2007;PLN;Poland;6.9;2;3.45
01/06/2007;RUB;Russia;52.0;25;2.08
01/06/2007;SAR;Saudi Arabia;9.0;3;3.0
01/06/2007;SGD;Singapore;3.95;1;3.95
01/06/2007;ZAR;South Africa;15.5;6;2.58
01/06/2007;KRW;South Korea;2900.0;922;3.15
01/06/2007;LKR;Sri Lanka;210.0;111;1.89
01/06/2007;SEK;Sweden;33.0;6;5.5
01/06/2007;CHF;Switzerland;6.3;1;6.3
01/06/2007;TWD;Taiwan;75.0;32;2.34
01/06/2007;THB;Thailand;62.0;34;1.82
01/06/2007;TRY;Turkey;4.75;1;4.75
01/06/2007;AED;UAE;10.0;3;3.33
01/06/2007;UAH;Ukraine;9.25;5;1.85
01/06/2007;USD;United States;3.0;1;3.0
01/06/2007;UYU;Uruguay;62.0;23;2.7
01/06/2007;VEF;Venezuela;7400.0;2147;3.45
01/06/2008;ARS;Argentina;11.0;3;3.67
01/06/2008;AUD;Australia;3.45;1;3.45
01/06/2008;BRL;Brazil;7.5;1;7.5
01/06/2008;GBP;Britain;2.29;1;2.29
01/06/2008;CAD;Canada;4.09;1;4.09
01/06/2008;CLP;Chile;1550.0;494;3.14
01/06/2008;CNY;China;12.5;6;2.08
01/06/2008;COP;Colombia;7000.0;1798;3.89
01/06/2008;CRC;Costa Rica;1800.0;551;3.27
01/06/2008;CZK;Czech Republic;66.08;14;4.72
01/06/2008;DKK;Denmark;28.0;4;7.0
01/06/2008;EGP;Egypt;13.0;5;2.6
01/06/2008;EUR;Euro area;336.856;1;3.37
01/06/2008;HKD;Hong Kong;13.3;7;1.9
01/06/2008;HUF;Hungary;670.0;144;4.65
01/06/2008;IDR;Indonesia;18700.0;9152;2.04
01/06/2008;JPY;Japan;280.0;106;2.64
01/06/2008;MYR;Malaysia;5.5;3;1.83
01/06/2008;MXN;Mexico;32.0;10;3.2
01/06/2008;NZD;New Zealand;4.9;1;4.9
01/06/2008;NOK;Norway;40.0;5;8.0
01/06/2008;PKR;Pakistan;140.0;70;2.0
01/06/2008;PEN;Peru;9.5;2;4.75
01/06/2008;PHP;Philippines;87.0;44;1.98
01/06/2008;PLN;Poland;7.0;2;3.5
01/06/2008;RUB;Russia;59.0;23;2.57
01/06/2008;SAR;Saudi Arabia;10.0;3;3.33
01/06/2008;SGD;Singapore;3.95;1;3.95
01/06/2008;ZAR;South Africa;16.95;7;2.42
01/06/2008;KRW;South Korea;3200.0;1018;3.14
01/06/2008;LKR;Sri Lanka;210.0;107;1.96
01/06/2008;SEK;Sweden;38.0;5;7.6
01/06/2008;CHF;Switzerland;6.5;1;6.5
01/06/2008;TWD;Taiwan;75.0;30;2.5
01/06/2008;THB;Thailand;62.0;33;1.88
01/06/2008;TRY;Turkey;5.15;1;5.15
01/06/2008;AED;UAE;10.0;3;3.33
01/06/2008;UAH;Ukraine;11.0;4;2.75
01/06/2008;USD;United States;3.21;1;3.21
01/06/2008;UYU;Uruguay;61.0;19;3.21
01/07/2009;ARS;Argentina;11.5;3;3.83
01/07/2009;AUD;Australia;4.34;1;4.34
01/07/2009;BRL;Brazil;8.03;1;8.03
01/07/2009;GBP;Britain;2.29;1;2.29
01/07/2009;CAD;Canada;3.89;1;3.89
01/07/2009;CLP;Chile;1750.0;548;3.19
01/07/2009;CNY;China;12.5;6;2.08
01/07/2009;COP;Colombia;7000.0;2095;3.34
01/07/2009;CRC;Costa Rica;2000.0;582;3.44
01/07/2009;CZK;Czech Republic;67.92;18;3.77
01/07/2009;DKK;Denmark;29.5;5;5.9
01/07/2009;EGP;Egypt;13.0;5;2.6
01/07/2009;EUR;Euro area;3.31;1;3.31
01/07/2009;HKD;Hong Kong;13.3;7;1.9
01/07/2009;HUF;Hungary;720.0;199;3.62
01/07/2009;IDR;Indonesia;20900.0;10200;2.05
01/07/2009;ILS;Israel;15.0;3;5.0
01/07/2009;JPY;Japan;320.0;92;3.48
01/07/2009;MYR;Malaysia;6.77;3;2.26
01/07/2009;MXN;Mexico;33.0;13;2.54
01/07/2009;NZD;New Zealand;4.9;1;4.9
01/07/2009;NOK;Norway;40.0;6;6.67
01/07/2009;PKR;Pakistan;190.0;82;2.32
01/07/2009;PEN;Peru;8.056;3;2.69
01/07/2009;PHP;Philippines;99.39;48;2.07
01/07/2009;PLN;Poland;7.6;3;2.53
01/07/2009;RUB;Russia;67.0;32;2.09
01/07/2009;SAR;Saudi Arabia;11.0;3;3.67
01/07/2009;SGD;Singapore;4.22;1;4.22
01/07/2009;ZAR;South Africa;17.95;8;2.24
01/07/2009;KRW;South Korea;3400.0;1314;2.59
01/07/2009;LKR;Sri Lanka;210.0;114;1.84
01/07/2009;SEK;Sweden;39.0;7;5.57
01/07/2009;CHF;Switzerland;6.5;1;6.5
01/07/2009;TWD;Taiwan;75.0;33;2.27
01/07/2009;THB;Thailand;64.49;34;1.9
01/07/2009;TRY;Turkey;5.65;1;5.65
01/07/2009;AED;UAE;10.0;3;3.33
01/07/2009;UAH;Ukraine;14.0;7;2.0
01/07/2009;USD;United States;3.43;1;3.43
01/07/2009;UYU;Uruguay;61.0;23;2.65
01/01/2010;ARS;Argentina;7.0;3;2.33
01/01/2010;AUD;Australia;4.35;1;4.35
01/01/2010;BRL;Brazil;8.2;1;8.2
01/01/2010;GBP;Britain;2.29;1;2.29
01/01/2010;CAD;Canada;4.12;1;4.12
01/01/2010;CLP;Chile;1600.0;503;3.18
01/01/2010;CNY;China;12.5;6;2.08
01/01/2010;COP;Colombia;8200.0;2095;3.91
01/01/2010;CRC;Costa Rica;2050.0;582;3.52
01/01/2010;CZK;Czech Republic;67.64;18;3.76
01/01/2010;DKK;Denmark;30.94;5;6.19
01/01/2010;EGP;Egypt;13.0;5;2.6
01/01/2010;EUR;Euro area;3.36;1;3.36
01/01/2010;HKD;Hong Kong;14.8;7;2.11
01/01/2010;HUF;Hungary;720.0;186;3.87
01/01/2010;IDR;Indonesia;20900.0;9320;2.24
01/01/2010;ILS;Israel;14.9;3;4.97
01/01/2010;JPY;Japan;320.0;91;3.52
01/01/2010;MYR;Malaysia;7.05;3;2.35
01/01/2010;MXN;Mexico;32.0;12;2.67
01/01/2010;NZD;New Zealand;4.9;1;4.9
01/01/2010;NOK;Norway;40.0;5;8.0
01/01/2010;PKR;Pakistan;200.0;82;2.44
01/01/2010;PEN;Peru;8.056;2;4.03
01/01/2010;PHP;Philippines;101.52;45;2.26
01/01/2010;PLN;Poland;8.1;2;4.05
01/01/2010;RUB;Russia;70.0;29;2.41
01/01/2010;SAR;Saudi Arabia;10.0;3;3.33
01/01/2010;SGD;Singapore;4.45;1;4.45
01/01/2010;ZAR;South Africa;17.95;7;2.56
01/01/2010;KRW;South Korea;3400.0;1140;2.98
01/01/2010;LKR;Sri Lanka;210.0;114;1.84
01/01/2010;SEK;Sweden;39.0;7;5.57
01/01/2010;CHF;Switzerland;6.5;1;6.5
01/01/2010;TWD;Taiwan;75.0;31;2.42
01/01/2010;THB;Thailand;70.0;33;2.12
01/01/2010;TRY;Turkey;5.65;1;5.65
01/01/2010;AED;UAE;11.0;3;3.67
01/01/2010;UAH;Ukraine;14.0;7;2.0
01/01/2010;USD;United States;3.43;1;3.43
01/01/2010;UYU;Uruguay;77.0;23;3.35
01/07/2010;ARS;Argentina;14.0;3;4.67
01/07/2010;AUD;Australia;4.35;1;4.35
01/07/2010;BRL;Brazil;8.71;1;8.71
01/07/2010;GBP;Britain;2.29;1;2.29
01/07/2010;CAD;Canada;4.17;1;4.17
01/07/2010;CLP;Chile;1750.0;523;3.35
01/07/2010;CNY;China;13.2;6;2.2
01/07/2010;COP;Colombia;8200.0;1868;4.39
01/07/2010;CRC;Costa Rica;2000.0;522;3.83
01/07/2010;CZK;Czech Republic;67.64;19;3.56
01/07/2010;DKK;Denmark;28.5;5;5.7
01/07/2010;EGP;Egypt;13.0;5;2.6
01/07/2010;EUR;Euro area;3.380.031.071;1;3.38
01/07/2010;HKD;Hong Kong;14.8;7;2.11
01/07/2010;HUF;Hungary;740.0;221;3.35
01/07/2010;IDR;Indonesia;22780.0;9063;2.51
01/07/2010;ILS;Israel;14.9;3;4.97
01/07/2010;JPY;Japan;320.0;87;3.68
01/07/2010;MYR;Malaysia;7.05;3;2.35
01/07/2010;MXN;Mexico;32.0;12;2.67
01/07/2010;NZD;New Zealand;5.0;1;5.0
01/07/2010;NOK;Norway;45.0;6;7.5
01/07/2010;PKR;Pakistan;210.0;85;2.47
01/07/2010;PEN;Peru;10.0;2;5.0
01/07/2010;PHP;Philippines;102.0;46;2.22
01/07/2010;PLN;Poland;8.3;3;2.77
01/07/2010;RUB;Russia;71.0;30;2.37
01/07/2010;SAR;Saudi Arabia;10.0;3;3.33
01/07/2010;SGD;Singapore;4.23;1;4.23
01/07/2010;ZAR;South Africa;18.45;7;2.64
01/07/2010;KRW;South Korea;3400.0;1204;2.82
01/07/2010;LKR;Sri Lanka;210.0;112;1.88
01/07/2010;SEK;Sweden;48.4;7;6.91
01/07/2010;CHF;Switzerland;6.5;1;6.5
01/07/2010;TWD;Taiwan;75.0;32;2.34
01/07/2010;THB;Thailand;70.0;32;2.19
01/07/2010;TRY;Turkey;5.95;1;5.95
01/07/2010;AED;UAE;11.0;3;3.67
01/07/2010;UAH;Ukraine;14.5;7;2.07
01/07/2010;USD;United States;3.53;1;3.53
01/07/2010;UYU;Uruguay;79.0;21;3.76
01/07/2011;ARS;Argentina;20.0;4;5.0
01/07/2011;AUD;Australia;4.56;1;4.56
01/07/2011;EUR;Austria;3.09;1;3.09
01/07/2011;EUR;Belgium;3.75;1;3.75
01/07/2011;BRL;Brazil;9.5;1;9.5
01/07/2011;GBP;Britain;2.39;1;2.39
01/07/2011;CAD;Canada;4.73;1;4.73
01/07/2011;CLP;Chile;1850.0;462;4.0
01/07/2011;CNY;China;14.65;6;2.44
01/07/2011;COP;Colombia;8400.0;1770;4.75
01/07/2011;CRC;Costa Rica;2050.0;504;4.07
01/07/2011;CZK;Czech Republic;69.32;17;4.08
01/07/2011;DKK;Denmark;28.5;5;5.7
01/07/2011;EGP;Egypt;14.09;5;2.82
01/07/2011;EUR;Estonia;2.2;1;2.2
01/07/2011;EUR;Euro area;3.437.660.401;1;3.44
01/07/2011;EUR;Finland;3.75;1;3.75
01/07/2011;EUR;France;3.5;1;3.5
01/07/2011;EUR;Germany;3.4;1;3.4
01/07/2011;EUR;Greece;3.26;1;3.26
01/07/2011;HKD;Hong Kong;15.1;7;2.16
01/07/2011;HUF;Hungary;760.0;188;4.04
01/07/2011;INR;India;84.0;44;1.91
01/07/2011;IDR;Indonesia;22534.0;8523;2.64
01/07/2011;EUR;Ireland;3.8;1;3.8
01/07/2011;ILS;Israel;15.9;3;5.3
01/07/2011;EUR;Italy;3.5;1;3.5
01/07/2011;JPY;Japan;320.0;78;4.1
01/07/2011;MYR;Malaysia;7.2;2;3.6
01/07/2011;MXN;Mexico;32.0;11;2.91
01/07/2011;EUR;Netherlands;3.25;1;3.25
01/07/2011;NZD;New Zealand;5.1;1;5.1
01/07/2011;NOK;Norway;45.0;5;9.0
01/07/2011;PKR;Pakistan;205.13;86;2.39
01/07/2011;PEN;Peru;10.0;2;5.0
01/07/2011;PHP;Philippines;118.0;42;2.81
01/07/2011;PLN;Poland;8.63;2;4.32
01/07/2011;EUR;Portugal;2.9;1;2.9
01/07/2011;RUB;Russia;75.0;27;2.78
01/07/2011;SAR;Saudi Arabia;10.0;3;3.33
01/07/2011;SGD;Singapore;4.41;1;4.41
01/07/2011;ZAR;South Africa;19.45;6;3.24
01/07/2011;KRW;South Korea;3700.0;1056;3.5
01/07/2011;EUR;Spain;3.5;1;3.5
01/07/2011;LKR;Sri Lanka;280.0;109;2.57
01/07/2011;SEK;Sweden;48.4;6;8.07
01/07/2011;CHF;Switzerland;6.5;1;6.5
01/07/2011;TWD;Taiwan;75.0;28;2.68
01/07/2011;THB;Thailand;70.0;29;2.41
01/07/2011;TRY;Turkey;6.5;1;6.5
01/07/2011;AED;UAE;12.0;3;4.0
01/07/2011;UAH;Ukraine;16.5;7;2.36
01/07/2011;USD;United States;3.64;1;3.64
01/07/2011;UYU;Uruguay;90.0;18;5.0
01/07/2011;VEF;Venezuela;28.0;4;7.0
01/01/2012;ARS;Argentina;20.0;4;5.0
01/01/2012;AUD;Australia;4.8;1;4.8
01/01/2012;EUR;Austria;3.09;1;3.09
01/01/2012;EUR;Belgium;3.7;1;3.7
01/01/2012;BRL;Brazil;10.25;1;10.25
01/01/2012;GBP;Britain;2.49;1;2.49
01/01/2012;CAD;Canada;4.73;1;4.73
01/01/2012;CLP;Chile;2050.0;506;4.05
01/01/2012;CNY;China;15.4;6;2.57
01/01/2012;COP;Colombia;8400.0;1852;4.54
01/01/2012;CRC;Costa Rica;2050.0;509;4.03
01/01/2012;CZK;Czech Republic;70.22;20;3.51
01/01/2012;DKK;Denmark;31.5;5;6.3
01/01/2012;EGP;Egypt;15.5;6;2.58
01/01/2012;EUR;Estonia;2.04;1;2.04
01/01/2012;EUR;Euro area;349.245.637;1;3.49
01/01/2012;EUR;Finland;3.75;1;3.75
01/01/2012;EUR;France;3.6;1;3.6
01/01/2012;EUR;Germany;3.53;1;3.53
01/01/2012;EUR;Greece;3.3;1;3.3
01/01/2012;HKD;Hong Kong;16.5;7;2.36
01/01/2012;HUF;Hungary;645.0;245;2.63
01/01/2012;INR;India;84.0;51;1.65
01/01/2012;IDR;Indonesia;22534.0;9160;2.46
01/01/2012;EUR;Ireland;3.8;1;3.8
01/01/2012;ILS;Israel;15.9;3;5.3
01/01/2012;EUR;Italy;3.5;1;3.5
01/01/2012;JPY;Japan;320.0;76;4.21
01/01/2012;MYR;Malaysia;7.35;3;2.45
01/01/2012;MXN;Mexico;37.0;13;2.85
01/01/2012;EUR;Netherlands;3.25;1;3.25
01/01/2012;NZD;New Zealand;5.1;1;5.1
01/01/2012;NOK;Norway;41.0;6;6.83
01/01/2012;PKR;Pakistan;260.0;90;2.89
01/01/2012;PEN;Peru;10.0;2;5.0
01/01/2012;PHP;Philippines;118.0;44;2.68
01/01/2012;PLN;Poland;9.1;3;3.03
01/01/2012;EUR;Portugal;2.9;1;2.9
01/01/2012;RUB;Russia;81.0;31;2.61
01/01/2012;SAR;Saudi Arabia;10.0;3;3.33
01/01/2012;SGD;Singapore;4.85;1;4.85
01/01/2012;ZAR;South Africa;19.95;8;2.49
01/01/2012;KRW;South Korea;3700.0;1158;3.2
01/01/2012;EUR;Spain;3.5;1;3.5
01/01/2012;LKR;Sri Lanka;290.0;113;2.57
01/01/2012;SEK;Sweden;41.0;6;6.83
01/01/2012;CHF;Switzerland;6.5;1;6.5
01/01/2012;TWD;Taiwan;75.0;29;2.59
01/01/2012;THB;Thailand;78.0;31;2.52
01/01/2012;TRY;Turkey;6.6;1;6.6
01/01/2012;AED;UAE;12.0;3;4.0
01/01/2012;UAH;Ukraine;17.0;8;2.12
01/01/2012;USD;United States;3.81;1;3.81
01/01/2012;UYU;Uruguay;90.0;19;4.74
01/01/2012;VEF;Venezuela;30.0;4;7.5
01/07/2012;ARS;Argentina;19.0;4;4.75
01/07/2012;AUD;Australia;4.56;1;4.56
01/07/2012;EUR;Austria;3.19;1;3.19
01/07/2012;EUR;Belgium;3.8;1;3.8
01/07/2012;BRL;Brazil;10.08;2;5.04
01/07/2012;GBP;Britain;2.69;1;2.69
01/07/2012;CAD;Canada;5.12;1;5.12
01/07/2012;CLP;Chile;2050.0;493;4.16
01/07/2012;CNY;China;15.65;6;2.61
01/07/2012;COP;Colombia;8600.0;1804;4.77
01/07/2012;CZK;Czech Republic;70.33;21;3.35
01/07/2012;DKK;Denmark;28.5;6;4.75
01/07/2012;EGP;Egypt;16.0;6;2.67
01/07/2012;EUR;Estonia;2.04;1;2.04
01/07/2012;EUR;Euro area;3.583.482.241;1;3.58
01/07/2012;EUR;Finland;3.75;1;3.75
01/07/2012;EUR;France;3.6;1;3.6
01/07/2012;EUR;Germany;3.64;1;3.64
01/07/2012;EUR;Greece;2.683;1;2.68
01/07/2012;HKD;Hong Kong;16.5;7;2.36
01/07/2012;HUF;Hungary;830.0;238;3.49
01/07/2012;INR;India;89.0;56;1.59
01/07/2012;IDR;Indonesia;24200.0;9482;2.55
01/07/2012;EUR;Ireland;3.49;1;3.49
01/07/2012;ILS;Israel;11.9;4;2.98
01/07/2012;EUR;Italy;3.6;1;3.6
01/07/2012;JPY;Japan;320.0;78;4.1
01/07/2012;MYR;Malaysia;7.4;3;2.47
01/07/2012;MXN;Mexico;37.0;13;2.85
01/07/2012;EUR;Netherlands;3.38;1;3.38
01/07/2012;NZD;New Zealand;5.1;1;5.1
01/07/2012;NOK;Norway;43.0;6;7.17
01/07/2012;PKR;Pakistan;285.0;94;3.03
01/07/2012;PHP;Philippines;118.0;42;2.81
01/07/2012;PLN;Poland;9.1;3;3.03
01/07/2012;EUR;Portugal;4.95;1;4.95
01/07/2012;RUB;Russia;75.0;32;2.34
01/07/2012;SAR;Saudi Arabia;10.0;3;3.33
01/07/2012;SGD;Singapore;4.4;1;4.4
01/07/2012;ZAR;South Africa;19.95;8;2.49
01/07/2012;KRW;South Korea;3700.0;1151;3.21
01/07/2012;EUR;Spain;3.5;1;3.5
01/07/2012;LKR;Sri Lanka;290.0;131;2.21
01/07/2012;SEK;Sweden;3.997.301.987;6;6.66
01/07/2012;CHF;Switzerland;6.5;1;6.5
01/07/2012;TWD;Taiwan;75.0;30;2.5
01/07/2012;THB;Thailand;82.0;31;2.65
01/07/2012;TRY;Turkey;8.25;1;8.25
01/07/2012;AED;UAE;12.0;3;4.0
01/07/2012;UAH;Ukraine;15.0;8;1.88
01/07/2012;USD;United States;3.96;1;3.96
01/07/2012;UYU;Uruguay;99.0;21;4.71
01/07/2012;VEF;Venezuela;34.0;4;8.5
01/01/2013;ARS;Argentina;19.0;4;4.75
01/01/2013;AUD;Australia;4.7;1;4.7
01/01/2013;EUR;Austria;3.39;1;3.39
01/01/2013;EUR;Belgium;3.8;1;3.8
01/01/2013;BRL;Brazil;11.25;1;11.25
01/01/2013;GBP;Britain;2.69;1;2.69
01/01/2013;CAD;Canada;5.41;1;5.41
01/01/2013;CLP;Chile;2050.0;471;4.35
01/01/2013;CNY;China;16.0;6;2.67
01/01/2013;COP;Colombia;8600.0;1773;4.85
01/01/2013;CRC;Costa Rica;2200.0;500;4.4
01/01/2013;CZK;Czech Republic;70.33;18;3.91
01/01/2013;DKK;Denmark;28.5;5;5.7
01/01/2013;EGP;Egypt;16.0;6;2.67
01/01/2013;EUR;Estonia;2.7;1;2.7
01/01/2013;EUR;Euro area;3.594.849.572;1;3.59
01/01/2013;EUR;Finland;3.75;1;3.75
01/01/2013;EUR;France;3.6;1;3.6
01/01/2013;EUR;Germany;3.64;1;3.64
01/01/2013;EUR;Greece;3.3;1;3.3
01/01/2013;HKD;Hong Kong;17.0;7;2.43
01/01/2013;HUF;Hungary;830.0;217;3.82
01/01/2013;INR;India;89.0;53;1.68
01/01/2013;IDR;Indonesia;27939.0;9767;2.86
01/01/2013;EUR;Ireland;3.49;1;3.49
01/01/2013;ILS;Israel;14.9;3;4.97
01/01/2013;EUR;Italy;3.85;1;3.85
01/01/2013;JPY;Japan;320.0;91;3.52
01/01/2013;MYR;Malaysia;7.95;3;2.65
01/01/2013;MXN;Mexico;37.0;12;3.08
01/01/2013;EUR;Netherlands;3.45;1;3.45
01/01/2013;NZD;New Zealand;5.2;1;5.2
01/01/2013;NOK;Norway;43.0;5;8.6
01/01/2013;PKR;Pakistan;290.0;97;2.99
01/01/2013;PEN;Peru;10.0;2;5.0
01/01/2013;PHP;Philippines;118.0;40;2.95
01/01/2013;PLN;Poland;9.1;3;3.03
01/01/2013;EUR;Portugal;2.95;1;2.95
01/01/2013;RUB;Russia;72.88;30;2.43
01/01/2013;SAR;Saudi Arabia;11.0;3;3.67
01/01/2013;SGD;Singapore;4.5;1;4.5
01/01/2013;ZAR;South Africa;20.9;9;2.32
01/01/2013;KRW;South Korea;3700.0;1085;3.41
01/01/2013;EUR;Spain;3.5;1;3.5
01/01/2013;LKR;Sri Lanka;350.0;126;2.78
01/01/2013;SEK;Sweden;4.055.930.138;6;6.76
01/01/2013;CHF;Switzerland;6.5;1;6.5
01/01/2013;TWD;Taiwan;75.0;29;2.59
01/01/2013;THB;Thailand;87.0;29;3.0
01/01/2013;TRY;Turkey;8.45;1;8.45
01/01/2013;AED;UAE;12.0;3;4.0
01/01/2013;UAH;Ukraine;19.0;8;2.38
01/01/2013;USD;United States;4.03;1;4.03
01/01/2013;UYU;Uruguay;105.0;19;5.53
01/01/2013;VEF;Venezuela;39.0;4;9.75
01/07/2013;ARS;Argentina;21.0;5;4.2
01/07/2013;AUD;Australia;5.035;1;5.04
01/07/2013;EUR;Austria;3.39;1;3.39
01/07/2013;EUR;Belgium;3.7;1;3.7
01/07/2013;BRL;Brazil;12.0;2;6.0
01/07/2013;GBP;Britain;2.69;1;2.69
01/07/2013;CAD;Canada;5.53;1;5.53
01/07/2013;CLP;Chile;2000.0;508;3.94
01/07/2013;CNY;China;16.0;6;2.67
01/07/2013;COP;Colombia;8600.0;1921;4.48
01/07/2013;CRC;Costa Rica;2150.0;498;4.32
01/07/2013;CZK;Czech Republic;70.45;20;3.52
01/07/2013;DKK;Denmark;28.5;5;5.7
01/07/2013;EGP;Egypt;16.75;7;2.39
01/07/2013;EUR;Estonia;2.75;1;2.75
01/07/2013;EUR;Euro area;3.623.870.489;1;3.62
01/07/2013;EUR;Finland;4.1;1;4.1
01/07/2013;EUR;France;3.9;1;3.9
01/07/2013;EUR;Germany;3.64;1;3.64
01/07/2013;EUR;Greece;2.6;1;2.6
01/07/2013;HKD;Hong Kong;17.0;7;2.43
01/07/2013;HUF;Hungary;860.0;228;3.77
01/07/2013;INR;India;90.0;59;1.53
01/07/2013;IDR;Indonesia;27939.0;9965;2.8
01/07/2013;EUR;Ireland;3.46;1;3.46
01/07/2013;ILS;Israel;17.5;3;5.83
01/07/2013;EUR;Italy;3.75;1;3.75
01/07/2013;JPY;Japan;320.0;100;3.2
01/07/2013;MYR;Malaysia;7.3;3;2.43
01/07/2013;MXN;Mexico;37.0;12;3.08
01/07/2013;EUR;Netherlands;3.45;1;3.45
01/07/2013;NZD;New Zealand;5.5;1;5.5
01/07/2013;NOK;Norway;46.0;6;7.67
01/07/2013;PKR;Pakistan;300.0;100;3.0
01/07/2013;PEN;Peru;10.0;2;5.0
01/07/2013;PHP;Philippines;115.21;43;2.68
01/07/2013;PLN;Poland;9.2;3;3.07
01/07/2013;EUR;Portugal;2.95;1;2.95
01/07/2013;RUB;Russia;87.0;32;2.72
01/07/2013;SAR;Saudi Arabia;10.0;3;3.33
01/07/2013;SGD;Singapore;4.7;1;4.7
01/07/2013;ZAR;South Africa;22.5;10;2.25
01/07/2013;KRW;South Korea;3900.0;1135;3.44
01/07/2013;EUR;Spain;3.5;1;3.5
01/07/2013;LKR;Sri Lanka;370.0;130;2.85
01/07/2013;SEK;Sweden;41.61;6;6.94
01/07/2013;CHF;Switzerland;6.5;1;6.5
01/07/2013;TWD;Taiwan;79.0;30;2.63
01/07/2013;THB;Thailand;89.0;31;2.87
01/07/2013;TRY;Turkey;8.5;1;8.5
01/07/2013;AED;UAE;12.0;3;4.0
01/07/2013;UAH;Ukraine;19.0;8;2.38
01/07/2013;USD;United States;4.18;1;4.18
01/07/2013;UYU;Uruguay;105.0;21;5.0
01/07/2013;VEF;Venezuela;45.0;6;7.5
01/01/2014;ARS;Argentina;21.0;6;3.5
01/01/2014;AUD;Australia;5.05;1;5.05
01/01/2014;EUR;Austria;3.39;1;3.39
01/01/2014;EUR;Belgium;3.95;1;3.95
01/01/2014;BRL;Brazil;12.4;2;6.2
01/01/2014;GBP;Britain;2.79;1;2.79
01/01/2014;CAD;Canada;5.54;1;5.54
01/01/2014;CLP;Chile;2000.0;541;3.7
01/01/2014;CNY;China;16.6;6;2.77
01/01/2014;COP;Colombia;8600.0;1982;4.34
01/01/2014;CRC;Costa Rica;2150.0;501;4.29
01/01/2014;CZK;Czech Republic;70.45;20;3.52
01/01/2014;DKK;Denmark;28.5;5;5.7
01/01/2014;EGP;Egypt;16.93;6;2.82
01/01/2014;EUR;Estonia;2.8;1;2.8
01/01/2014;EUR;Euro area;3.657.962.724;1;3.66
01/01/2014;EUR;Finland;4.1;1;4.1
01/01/2014;EUR;France;3.8;1;3.8
01/01/2014;EUR;Germany;3.67;1;3.67
01/01/2014;EUR;Greece;3.05;1;3.05
01/01/2014;HKD;Hong Kong;18.0;7;2.57
01/01/2014;HUF;Hungary;860.0;223;3.86
01/01/2014;INR;India;95.0;61;1.56
01/01/2014;IDR;Indonesia;27939.0;12140;2.3
01/01/2014;EUR;Ireland;3.46;1;3.46
01/01/2014;ILS;Israel;17.5;3;5.83
01/01/2014;EUR;Italy;3.85;1;3.85
01/01/2014;JPY;Japan;310.0;104;2.98
01/01/2014;EUR;Lithuania;8.8;2;4.4
01/01/2014;MYR;Malaysia;7.4;3;2.47
01/01/2014;MXN;Mexico;37.0;13;2.85
01/01/2014;EUR;Netherlands;3.45;1;3.45
01/01/2014;NZD;New Zealand;5.5;1;5.5
01/01/2014;NOK;Norway;48.0;6;8.0
01/01/2014;PKR;Pakistan;320.0;105;3.05
01/01/2014;PEN;Peru;10.0;2;5.0
01/01/2014;PHP;Philippines;135.0;45;3.0
01/01/2014;PLN;Poland;9.2;3;3.07
01/01/2014;EUR;Portugal;3.0;1;3.0
01/01/2014;RUB;Russia;89.0;33;2.7
01/01/2014;SAR;Saudi Arabia;11.0;3;3.67
01/01/2014;SGD;Singapore;4.6;1;4.6
01/01/2014;ZAR;South Africa;23.5;10;2.35
01/01/2014;KRW;South Korea;3700.0;1067;3.47
01/01/2014;EUR;Spain;3.65;1;3.65
01/01/2014;LKR;Sri Lanka;350.0;130;2.69
01/01/2014;SEK;Sweden;40.7;6;6.78
01/01/2014;CHF;Switzerland;6.5;1;6.5
01/01/2014;TWD;Taiwan;79.0;30;2.63
01/01/2014;THB;Thailand;96.0;32;3.0
01/01/2014;TRY;Turkey;8.5;2;4.25
01/01/2014;AED;UAE;12.0;3;4.0
01/01/2014;UAH;Ukraine;19.0;8;2.38
01/01/2014;USD;United States;4.24;1;4.24
01/01/2014;UYU;Uruguay;105.0;21;5.0
01/01/2014;VEF;Venezuela;45.0;6;7.5
01/07/2014;ARS;Argentina;21.0;8;2.62
01/07/2014;AUD;Australia;5.1;1;5.1
01/07/2014;EUR;Austria;3.39;1;3.39
01/07/2014;EUR;Belgium;3.7;1;3.7
01/07/2014;BRL;Brazil;13.0;2;6.5
01/07/2014;GBP;Britain;2.89;1;2.89
01/07/2014;CAD;Canada;5.64;1;5.64
01/07/2014;CLP;Chile;2100.0;564;3.72
01/07/2014;CNY;China;16.9;6;2.82
01/07/2014;COP;Colombia;8600.0;1847;4.66
01/07/2014;CRC;Costa Rica;2150.0;537;4.0
01/07/2014;CZK;Czech Republic;70.45;20;3.52
01/07/2014;DKK;Denmark;28.5;5;5.7
01/07/2014;EGP;Egypt;16.93;7;2.42
01/07/2014;EUR;Estonia;2.9;1;2.9
01/07/2014;EUR;Euro area;367.923.829;1;3.68
01/07/2014;EUR;Finland;4.1;1;4.1
01/07/2014;EUR;France;3.9;1;3.9
01/07/2014;EUR;Germany;3.67;1;3.67
01/07/2014;EUR;Greece;3.05;1;3.05
01/07/2014;HKD;Hong Kong;18.8;7;2.69
01/07/2014;HUF;Hungary;860.0;228;3.77
01/07/2014;INR;India;105.0;60;1.75
01/07/2014;IDR;Indonesia;27939.0;11505;2.43
01/07/2014;EUR;Ireland;3.49;1;3.49
01/07/2014;ILS;Israel;17.5;3;5.83
01/07/2014;EUR;Italy;3.85;1;3.85
01/07/2014;JPY;Japan;370.0;101;3.66
01/07/2014;EUR;Lithuania;8.95;2;4.47
01/07/2014;MYR;Malaysia;7.63;3;2.54
01/07/2014;MXN;Mexico;42.0;12;3.5
01/07/2014;EUR;Netherlands;3.45;1;3.45
01/07/2014;NZD;New Zealand;5.7;1;5.7
01/07/2014;NOK;Norway;48.0;6;8.0
01/07/2014;PKR;Pakistan;300.0;98;3.06
01/07/2014;PEN;Peru;10.0;2;5.0
01/07/2014;PHP;Philippines;160.0;43;3.72
01/07/2014;PLN;Poland;9.2;3;3.07
01/07/2014;EUR;Portugal;3.0;1;3.0
01/07/2014;RUB;Russia;89.0;34;2.62
01/07/2014;SAR;Saudi Arabia;11.0;3;3.67
01/07/2014;SGD;Singapore;4.7;1;4.7
01/07/2014;ZAR;South Africa;24.5;10;2.45
01/07/2014;KRW;South Korea;4100.0;1023;4.01
01/07/2014;EUR;Spain;3.65;1;3.65
01/07/2014;LKR;Sri Lanka;350.0;130;2.69
01/07/2014;SEK;Sweden;40.7;6;6.78
01/07/2014;CHF;Switzerland;6.16;1;6.16
01/07/2014;TWD;Taiwan;79.0;29;2.72
01/07/2014;THB;Thailand;99.0;31;3.19
01/07/2014;TRY;Turkey;9.25;2;4.62
01/07/2014;AED;UAE;13.0;3;4.33
01/07/2014;UAH;Ukraine;19.0;11;1.73
01/07/2014;USD;United States;4.29;1;4.29
01/07/2014;UYU;Uruguay;113.0;22;5.14
01/07/2014;VEF;Venezuela;75.0;11;6.82
01/07/2014;VND;Vietnam;60000.0;21230;2.83
01/01/2015;ARS;Argentina;28.0;8;3.5
01/01/2015;AUD;Australia;5.3;1;5.3
01/01/2015;EUR;Austria;3.39;1;3.39
01/01/2015;EUR;Belgium;3.7;1;3.7
01/01/2015;BRL;Brazil;13.5;2;6.75
01/01/2015;GBP;Britain;2.89;1;2.89
01/01/2015;CAD;Canada;5.7;1;5.7
01/01/2015;CLP;Chile;2100.0;627;3.35
01/01/2015;CNY;China;17.2;6;2.87
01/01/2015;COP;Colombia;7900.0;2364;3.34
01/01/2015;CRC;Costa Rica;2150.0;536;4.01
01/01/2015;CZK;Czech Republic;70.45;24;2.94
01/01/2015;DKK;Denmark;34.5;6;5.75
01/01/2015;EGP;Egypt;16.93;7;2.42
01/01/2015;EUR;Estonia;2.9;1;2.9
01/01/2015;EUR;Euro area;3.68;1;3.68
01/01/2015;EUR;Finland;4.1;1;4.1
01/01/2015;EUR;France;3.9;1;3.9
01/01/2015;EUR;Germany;3.67;1;3.67
01/01/2015;EUR;Greece;3.05;1;3.05
01/01/2015;HKD;Hong Kong;18.8;7;2.69
01/01/2015;HUF;Hungary;860.0;271;3.17
01/01/2015;INR;India;116.25;61;1.91
01/01/2015;IDR;Indonesia;27939.0;12480;2.24
01/01/2015;EUR;Ireland;3.49;1;3.49
01/01/2015;ILS;Israel;17.5;3;5.83
01/01/2015;EUR;Italy;3.85;1;3.85
01/01/2015;JPY;Japan;370.0;117;3.16
01/01/2015;MYR;Malaysia;7.63;3;2.54
01/01/2015;MXN;Mexico;49.0;14;3.5
01/01/2015;EUR;Netherlands;3.45;1;3.45
01/01/2015;NZD;New Zealand;5.9;1;5.9
01/01/2015;NOK;Norway;48.0;7;6.86
01/01/2015;PKR;Pakistan;300.0;100;3.0
01/01/2015;PEN;Peru;10.0;3;3.33
01/01/2015;PHP;Philippines;163.0;44;3.7
01/01/2015;PLN;Poland;9.2;3;3.07
01/01/2015;EUR;Portugal;3.0;1;3.0
01/01/2015;RUB;Russia;89.0;65;1.37
01/01/2015;SAR;Saudi Arabia;11.0;3;3.67
01/01/2015;SGD;Singapore;4.7;1;4.7
01/01/2015;ZAR;South Africa;25.5;11;2.32
01/01/2015;KRW;South Korea;4100.0;1083;3.79
01/01/2015;EUR;Spain;3.65;1;3.65
01/01/2015;LKR;Sri Lanka;350.0;131;2.67
01/01/2015;SEK;Sweden;40.7;8;5.09
01/01/2015;CHF;Switzerland;6.5;1;6.5
01/01/2015;TWD;Taiwan;79.0;31;2.55
01/01/2015;THB;Thailand;99.0;32;3.09
01/01/2015;TRY;Turkey;9.25;2;4.62
01/01/2015;AED;UAE;13.0;3;4.33
01/01/2015;UAH;Ukraine;19.0;15;1.27
01/01/2015;USD;United States;4.29;1;4.29
01/01/2015;UYU;Uruguay;113.0;24;4.71
01/01/2015;VEF;Venezuela;132.0;52;2.54
01/01/2015;VND;Vietnam;60000.0;21380;2.81
01/07/2015;ARS;Argentina;28.0;9;3.11
01/07/2015;AUD;Australia;5.3;1;5.3
01/07/2015;EUR;Austria;3.39;1;3.39
01/07/2015;EUR;Belgium;3.7;1;3.7
01/07/2015;BRL;Brazil;13.5;3;4.5
01/07/2015;GBP;Britain;2.89;1;2.89
01/07/2015;CAD;Canada;5.85;1;5.85
01/07/2015;CLP;Chile;2100.0;642;3.27
01/07/2015;CNY;China;17.0;6;2.83
01/07/2015;COP;Colombia;7900.0;2708;2.92
01/07/2015;CRC;Costa Rica;2150.0;533;4.03
01/07/2015;CZK;Czech Republic;70.0;24;2.92
01/07/2015;DKK;Denmark;34.59;6;5.76
01/07/2015;EGP;Egypt;16.93;7;2.42
01/07/2015;EUR;Estonia;2.95;1;2.95
01/07/2015;EUR;Euro area;3.7;1;3.7
01/07/2015;EUR;Finland;4.1;1;4.1
01/07/2015;EUR;France;4.1;1;4.1
01/07/2015;EUR;Germany;3.59;1;3.59
01/07/2015;EUR;Greece;3.05;1;3.05
01/07/2015;HKD;Hong Kong;19.2;7;2.74
01/07/2015;HUF;Hungary;900.0;282;3.19
01/07/2015;INR;India;116.25;63;1.85
01/07/2015;IDR;Indonesia;30500.0;13344;2.29
01/07/2015;EUR;Ireland;3.7;1;3.7
01/07/2015;ILS;Israel;17.5;3;5.83
01/07/2015;EUR;Italy;4.0;1;4.0
01/07/2015;JPY;Japan;370.0;123;3.01
01/07/2015;MYR;Malaysia;7.65;3;2.55
01/07/2015;MXN;Mexico;49.0;15;3.27
01/07/2015;EUR;Netherlands;3.45;1;3.45
01/07/2015;NZD;New Zealand;5.9;1;5.9
01/07/2015;NOK;Norway;46.0;8;5.75
01/07/2015;PKR;Pakistan;350.0;101;3.47
01/07/2015;PEN;Peru;10.0;3;3.33
01/07/2015;PHP;Philippines;163.0;45;3.62
01/07/2015;PLN;Poland;9.6;3;3.2
01/07/2015;EUR;Portugal;3.0;1;3.0
01/07/2015;RUB;Russia;107.0;56;1.91
01/07/2015;SAR;Saudi Arabia;12.0;3;4.0
01/07/2015;SGD;Singapore;4.7;1;4.7
01/07/2015;ZAR;South Africa;26.0;12;2.17
01/07/2015;KRW;South Korea;4300.0;1143;3.76
01/07/2015;EUR;Spain;3.65;1;3.65
01/07/2015;LKR;Sri Lanka;350.0;133;2.63
01/07/2015;SEK;Sweden;43.7;8;5.46
01/07/2015;CHF;Switzerland;6.5;1;6.5
01/07/2015;TWD;Taiwan;79.0;31;2.55
01/07/2015;THB;Thailand;108.0;34;3.18
01/07/2015;TRY;Turkey;10.25;2;5.12
01/07/2015;AED;UAE;13.0;3;4.33
01/07/2015;UAH;Ukraine;34.0;21;1.62
01/07/2015;USD;United States;4.29;1;4.29
01/07/2015;UYU;Uruguay;113.0;27;4.19
01/07/2015;VEF;Venezuela;132.0;197;0.67
01/07/2015;VND;Vietnam;60000.0;21810;2.75
01/01/2016;ARS;Argentina;33.0;13;2.54
01/01/2016;AUD;Australia;5.3;1;5.3
01/01/2016;EUR;Austria;3.5;1;3.5
01/01/2016;EUR;Belgium;3.95;1;3.95
01/01/2016;BRL;Brazil;13.5;4;3.38
01/01/2016;GBP;Britain;2.89;1;2.89
01/01/2016;CAD;Canada;5.84;1;5.84
01/01/2016;CLP;Chile;2100.0;715;2.94
01/01/2016;CNY;China;17.6;6;2.93
01/01/2016;COP;Colombia;7900.0;3253;2.43
01/01/2016;CRC;Costa Rica;2150.0;535;4.02
01/01/2016;CZK;Czech Republic;75.0;25;3.0
01/01/2016;DKK;Denmark;30.0;6;5.0
01/01/2016;EGP;Egypt;16.93;7;2.42
01/01/2016;EUR;Estonia;3.0;1;3.0
01/01/2016;EUR;Euro area;3.72;1;3.72
01/01/2016;EUR;Finland;4.1;1;4.1
01/01/2016;EUR;France;4.1;1;4.1
01/01/2016;EUR;Germany;3.59;1;3.59
01/01/2016;EUR;Greece;3.35;1;3.35
01/01/2016;HKD;Hong Kong;19.2;7;2.74
01/01/2016;HUF;Hungary;900.0;292;3.08
01/01/2016;INR;India;127.0;66;1.92
01/01/2016;IDR;Indonesia;30500.0;13947;2.19
01/01/2016;EUR;Ireland;3.95;1;3.95
01/01/2016;ILS;Israel;16.9;3;5.63
01/01/2016;EUR;Italy;4.0;1;4.0
01/01/2016;JPY;Japan;370.0;118;3.14
01/01/2016;MYR;Malaysia;8.0;4;2.0
01/01/2016;MXN;Mexico;49.0;17;2.88
01/01/2016;EUR;Netherlands;3.45;1;3.45
01/01/2016;NZD;New Zealand;5.9;1;5.9
01/01/2016;NOK;Norway;46.8;8;5.85
01/01/2016;PKR;Pakistan;300.0;104;2.88
01/01/2016;PEN;Peru;10.0;3;3.33
01/01/2016;PHP;Philippines;131.0;47;2.79
01/01/2016;PLN;Poland;9.6;4;2.4
01/01/2016;EUR;Portugal;3.0;1;3.0
01/01/2016;RUB;Russia;114.0;74;1.54
01/01/2016;SAR;Saudi Arabia;12.0;3;4.0
01/01/2016;SGD;Singapore;4.7;1;4.7
01/01/2016;ZAR;South Africa;28.0;15;1.87
01/01/2016;KRW;South Korea;4300.0;1197;3.59
01/01/2016;EUR;Spain;3.5;1;3.5
01/01/2016;LKR;Sri Lanka;350.0;144;2.43
01/01/2016;SEK;Sweden;45.0;8;5.62
01/01/2016;CHF;Switzerland;6.5;1;6.5
01/01/2016;TWD;Taiwan;69.0;33;2.09
01/01/2016;THB;Thailand;112.0;36;3.11
01/01/2016;TRY;Turkey;10.25;3;3.42
01/01/2016;AED;UAE;13.0;3;4.33
01/01/2016;UAH;Ukraine;36.0;23;1.57
01/01/2016;USD;United States;4.29;1;4.29
01/01/2016;UYU;Uruguay;113.0;30;3.77
01/01/2016;VEF;Venezuela;132.0;198;0.67
01/01/2016;VND;Vietnam;60000.0;22467;2.67
01/07/2016;ARS;Argentina;50.0;14;3.57
01/07/2016;AUD;Australia;5.75;1;5.75
01/07/2016;EUR;Austria;3.6;1;3.6
01/07/2016;EUR;Belgium;3.95;1;3.95
01/07/2016;BRL;Brazil;15.5;3;5.17
01/07/2016;GBP;Britain;2.99;1;2.99
01/07/2016;CAD;Canada;6.0;1;6.0
01/07/2016;CLP;Chile;2300.0;651;3.53
01/07/2016;CNY;China;18.6;6;3.1
01/07/2016;COP;Colombia;8900.0;2929;3.04
01/07/2016;CRC;Costa Rica;2250.0;546;4.12
01/07/2016;CZK;Czech Republic;75.0;24;3.12
01/07/2016;DKK;Denmark;30.0;6;5.0
01/07/2016;EGP;Egypt;23.0;8;2.88
01/07/2016;EUR;Estonia;3.1;1;3.1
01/07/2016;EUR;Euro area;3.82;1;3.82
01/07/2016;EUR;Finland;4.6;1;4.6
01/07/2016;EUR;France;4.1;1;4.1
01/07/2016;EUR;Germany;3.79;1;3.79
01/07/2016;EUR;Greece;3.35;1;3.35
01/07/2016;HKD;Hong Kong;19.2;7;2.74
01/07/2016;HUF;Hungary;900.0;285;3.16
01/07/2016;INR;India;162.0;67;2.42
01/07/2016;IDR;Indonesia;31000.0;13112;2.36
01/07/2016;EUR;Ireland;4.0;1;4.0
01/07/2016;ILS;Israel;16.9;3;5.63
01/07/2016;EUR;Italy;4.2;1;4.2
01/07/2016;JPY;Japan;370.0;106;3.49
01/07/2016;MYR;Malaysia;8.0;4;2.0
01/07/2016;MXN;Mexico;44.0;18;2.44
01/07/2016;EUR;Netherlands;3.45;1;3.45
01/07/2016;NZD;New Zealand;6.0;1;6.0
01/07/2016;NOK;Norway;46.8;8;5.85
01/07/2016;PKR;Pakistan;375.0;104;3.61
01/07/2016;PEN;Peru;10.0;3;3.33
01/07/2016;PHP;Philippines;133.0;47;2.83
01/07/2016;PLN;Poland;9.6;3;3.2
01/07/2016;EUR;Portugal;3.05;1;3.05
01/07/2016;RUB;Russia;130.0;63;2.06
01/07/2016;SAR;Saudi Arabia;12.0;3;4.0
01/07/2016;SGD;Singapore;5.45;1;5.45
01/07/2016;ZAR;South Africa;30.0;14;2.14
01/07/2016;KRW;South Korea;4400.0;1140;3.86
01/07/2016;EUR;Spain;3.5;1;3.5
01/07/2016;LKR;Sri Lanka;530.0;146;3.63
01/07/2016;SEK;Sweden;44.94;8;5.62
01/07/2016;CHF;Switzerland;6.5;1;6.5
01/07/2016;TWD;Taiwan;69.0;32;2.16
01/07/2016;THB;Thailand;119.0;34;3.5
01/07/2016;TRY;Turkey;10.75;3;3.58
01/07/2016;AED;UAE;13.0;3;4.33
01/07/2016;UAH;Ukraine;39.0;24;1.62
01/07/2016;USD;United States;4.5;1;4.5
01/07/2016;UYU;Uruguay;123.0;30;4.1
01/07/2016;VEF;Venezuela;2170.0;641;3.39
01/07/2016;VND;Vietnam;60000.0;22300;2.69
01/01/2017;ARS;Argentina;55.0;15;3.67
01/01/2017;AUD;Australia;5.8;1;5.8
01/01/2017;EUR;Austria;3.4;1;3.4
01/01/2017;EUR;Belgium;3.95;1;3.95
01/01/2017;BRL;Brazil;16.5;3;5.5
01/01/2017;GBP;Britain;3.09;1;3.09
01/01/2017;CAD;Canada;5.98;1;5.98
01/01/2017;CLP;Chile;2450.0;672;3.65
01/01/2017;CNY;China;19.6;6;3.27
01/01/2017;COP;Colombia;9900.0;2994;3.31
01/01/2017;CRC;Costa Rica;2250.0;554;4.06
01/01/2017;CZK;Czech Republic;75.0;25;3.0
01/01/2017;DKK;Denmark;30.0;7;4.29
01/01/2017;EGP;Egypt;27.49;18;1.53
01/01/2017;EUR;Estonia;3.1;1;3.1
01/01/2017;EUR;Euro area;3.88;1;3.88
01/01/2017;EUR;Finland;4.55;1;4.55
01/01/2017;EUR;France;4.1;1;4.1
01/01/2017;EUR;Germany;3.79;1;3.79
01/01/2017;EUR;Greece;3.35;1;3.35
01/01/2017;HKD;Hong Kong;19.2;7;2.74
01/01/2017;HUF;Hungary;900.0;294;3.06
01/01/2017;INR;India;170.0;68;2.5
01/01/2017;IDR;Indonesia;31000.0;13329;2.33
01/01/2017;EUR;Ireland;4.0;1;4.0
01/01/2017;ILS;Israel;16.9;3;5.63
01/01/2017;EUR;Italy;4.2;1;4.2
01/01/2017;JPY;Japan;380.0;116;3.28
01/01/2017;MYR;Malaysia;8.0;4;2.0
01/01/2017;MXN;Mexico;49.0;21;2.33
01/01/2017;EUR;Netherlands;3.61;1;3.61
01/01/2017;NZD;New Zealand;6.0;1;6.0
01/01/2017;NOK;Norway;49.0;8;6.12
01/01/2017;PKR;Pakistan;375.0;104;3.61
01/01/2017;PEN;Peru;11.0;3;3.67
01/01/2017;PHP;Philippines;133.0;49;2.71
01/01/2017;PLN;Poland;9.6;4;2.4
01/01/2017;EUR;Portugal;3.05;1;3.05
01/01/2017;RUB;Russia;130.0;60;2.17
01/01/2017;SAR;Saudi Arabia;12.0;3;4.0
01/01/2017;SGD;Singapore;5.6;1;5.6
01/01/2017;ZAR;South Africa;26.32;13;2.02
01/01/2017;KRW;South Korea;4400.0;1196;3.68
01/01/2017;EUR;Spain;3.95;1;3.95
01/01/2017;LKR;Sri Lanka;550.0;150;3.67
01/01/2017;SEK;Sweden;48.0;9;5.33
01/01/2017;CHF;Switzerland;6.5;1;6.5
01/01/2017;TWD;Taiwan;69.0;31;2.23
01/01/2017;THB;Thailand;119.0;35;3.4
01/01/2017;TRY;Turkey;10.75;3;3.58
01/01/2017;AED;UAE;13.0;3;4.33
01/01/2017;UAH;Ukraine;42.0;27;1.56
01/01/2017;USD;United States;4.5;1;4.5
01/01/2017;UYU;Uruguay;125.0;28;4.46
01/01/2017;VEF;Venezuela;3550.0;676;5.25
01/01/2017;VND;Vietnam;60000.0;22572;2.66
01/07/2017;ARS;Argentina;70.0;16;4.38
01/07/2017;AUD;Australia;5.9;1;5.9
01/07/2017;EUR;Austria;3.4;1;3.4
01/07/2017;EUR;Belgium;4.05;1;4.05
01/07/2017;BRL;Brazil;16.5;3;5.5
01/07/2017;GBP;Britain;3.19;1;3.19
01/07/2017;CAD;Canada;5.97;1;5.97
01/07/2017;CLP;Chile;2550.0;663;3.85
01/07/2017;CNY;China;19.8;6;3.3
01/07/2017;COP;Colombia;9900.0;3052;3.24
01/07/2017;CRC;Costa Rica;2290.0;572;4.0
01/07/2017;CZK;Czech Republic;75.0;22;3.41
01/07/2017;DKK;Denmark;30.0;6;5.0
01/07/2017;EGP;Egypt;31.37;17;1.85
01/07/2017;EUR;Estonia;3.15;1;3.15
01/07/2017;EUR;Euro area;3.91;1;3.91
01/07/2017;EUR;Finland;4.56;1;4.56
01/07/2017;EUR;France;4.1;1;4.1
01/07/2017;EUR;Germany;3.9;1;3.9
01/07/2017;EUR;Greece;3.35;1;3.35
01/07/2017;HKD;Hong Kong;19.2;7;2.74
01/07/2017;HUF;Hungary;862.0;268;3.22
01/07/2017;INR;India;178.0;64;2.78
01/07/2017;IDR;Indonesia;32126.0;13369;2.4
01/07/2017;EUR;Ireland;4.07;1;4.07
01/07/2017;ILS;Israel;16.9;3;5.63
01/07/2017;EUR;Italy;4.2;1;4.2
01/07/2017;JPY;Japan;380.0;113;3.36
01/07/2017;MYR;Malaysia;8.6;4;2.15
01/07/2017;MXN;Mexico;49.0;17;2.88
01/07/2017;EUR;Netherlands;3.61;1;3.61
01/07/2017;NZD;New Zealand;6.1;1;6.1
01/07/2017;NOK;Norway;49.0;8;6.12
01/07/2017;PKR;Pakistan;375.0;105;3.57
01/07/2017;PEN;Peru;10.5;3;3.5
01/07/2017;PHP;Philippines;134.0;50;2.68
01/07/2017;PLN;Poland;10.1;3;3.37
01/07/2017;EUR;Portugal;3.25;1;3.25
01/07/2017;RUB;Russia;137.0;60;2.28
01/07/2017;SAR;Saudi Arabia;12.0;3;4.0
01/07/2017;SGD;Singapore;5.6;1;5.6
01/07/2017;ZAR;South Africa;30.0;13;2.31
01/07/2017;KRW;South Korea;4400.0;1144;3.85
01/07/2017;EUR;Spain;3.8;1;3.8
01/07/2017;LKR;Sri Lanka;580.0;153;3.79
01/07/2017;SEK;Sweden;48.97;8;6.12
01/07/2017;CHF;Switzerland;6.5;1;6.5
01/07/2017;TWD;Taiwan;69.0;30;2.3
01/07/2017;THB;Thailand;119.0;34;3.5
01/07/2017;TRY;Turkey;10.75;3;3.58
01/07/2017;AED;UAE;14.0;3;4.67
01/07/2017;UAH;Ukraine;44.0;25;1.76
01/07/2017;USD;United States;4.5;1;4.5
01/07/2017;UYU;Uruguay;130.0;28;4.64
01/07/2017;VEF;Venezuela;10950.0;2700;4.06
01/07/2017;VND;Vietnam;60000.0;22732;2.64
01/01/2018;ARS;Argentina;75.0;18;4.17
01/01/2018;AUD;Australia;5.9;1;5.9
01/01/2018;EUR;Austria;3.4;1;3.4
01/01/2018;EUR;Belgium;4.1;1;4.1
01/01/2018;BRL;Brazil;16.5;3;5.5
01/01/2018;GBP;Britain;3.19;1;3.19
01/01/2018;CAD;Canada;6.55;1;6.55
01/01/2018;CLP;Chile;2600.0;605;4.3
01/01/2018;CNY;China;20.4;6;3.4
01/01/2018;COP;Colombia;10900.0;2844;3.83
01/01/2018;CRC;Costa Rica;2290.0;568;4.03
01/01/2018;CZK;Czech Republic;79.0;20;3.95
01/01/2018;DKK;Denmark;30.0;6;5.0
01/01/2018;EGP;Egypt;34.21;17;2.01
01/01/2018;EUR;Estonia;3.15;1;3.15
01/01/2018;EUR;Euro area;3.95;1;3.95
01/01/2018;EUR;Finland;4.56;1;4.56
01/01/2018;EUR;France;4.2;1;4.2
01/01/2018;EUR;Germany;3.9;1;3.9
01/01/2018;EUR;Greece;3.35;1;3.35
01/01/2018;HKD;Hong Kong;20.5;7;2.93
01/01/2018;HUF;Hungary;864.0;252;3.43
01/01/2018;INR;India;180.0;63;2.86
01/01/2018;IDR;Indonesia;35750.0;13359;2.68
01/01/2018;EUR;Ireland;4.07;1;4.07
01/01/2018;ILS;Israel;16.5;3;5.5
01/01/2018;EUR;Italy;4.2;1;4.2
01/01/2018;JPY;Japan;380.0;110;3.45
01/01/2018;MYR;Malaysia;9.0;3;3.0
01/01/2018;MXN;Mexico;48.0;18;2.67
01/01/2018;EUR;Netherlands;3.71;1;3.71
01/01/2018;NZD;New Zealand;6.2;1;6.2
01/01/2018;NOK;Norway;49.0;7;7.0
01/01/2018;PKR;Pakistan;375.0;110;3.41
01/01/2018;PEN;Peru;10.5;3;3.5
01/01/2018;PHP;Philippines;134.0;50;2.68
01/01/2018;PLN;Poland;10.1;3;3.37
01/01/2018;EUR;Portugal;3.2;1;3.2
01/01/2018;RUB;Russia;130.0;56;2.32
01/01/2018;SAR;Saudi Arabia;12.0;3;4.0
01/01/2018;SGD;Singapore;5.8;1;5.8
01/01/2018;ZAR;South Africa;30.0;12;2.5
01/01/2018;KRW;South Korea;4400.0;1069;4.12
01/01/2018;EUR;Spain;3.95;1;3.95
01/01/2018;LKR;Sri Lanka;580.0;153;3.79
01/01/2018;SEK;Sweden;49.1;8;6.14
01/01/2018;CHF;Switzerland;6.5;1;6.5
01/01/2018;TWD;Taiwan;69.0;29;2.38
01/01/2018;THB;Thailand;119.0;31;3.84
01/01/2018;TRY;Turkey;10.75;3;3.58
01/01/2018;AED;UAE;14.0;3;4.67
01/01/2018;UAH;Ukraine;47.0;28;1.68
01/01/2018;USD;United States;4.61;1;4.61
01/01/2018;UYU;Uruguay;140.0;28;5.0
01/01/2018;VEF;Venezuela;0.0;1;0.0
01/01/2018;VND;Vietnam;65000.0;22711;2.86
01/07/2018;ARS;Argentina;75.0;27;2.78
01/07/2018;AUD;Australia;6.05;1;6.05
01/07/2018;EUR;Austria;3.4;1;3.4
01/07/2018;AZN;Azerbaijan;3.95;1;3.95
01/07/2018;BHD;Bahrain;1.2;1;1.2
01/07/2018;EUR;Belgium;4.1;1;4.1
01/07/2018;BRL;Brazil;16.9;3;5.63
01/07/2018;GBP;Britain;3.19;1;3.19
01/07/2018;CAD;Canada;6.65;1;6.65
01/07/2018;CLP;Chile;2640.0;651;4.06
01/07/2018;CNY;China;20.5;6;3.42
01/07/2018;COP;Colombia;11900.0;2874;4.14
01/07/2018;CRC;Costa Rica;2290.0;567;4.04
01/07/2018;HRK;Croatia;21.0;6;3.5
01/07/2018;CZK;Czech Republic;75.0;22;3.41
01/07/2018;DKK;Denmark;30.0;6;5.0
01/07/2018;EGP;Egypt;31.37;17;1.85
01/07/2018;EUR;Estonia;3.15;1;3.15
01/07/2018;EUR;Euro area;4.04;1;4.04
01/07/2018;EUR;Finland;4.62;1;4.62
01/07/2018;EUR;France;4.2;1;4.2
01/07/2018;EUR;Germany;4.12;1;4.12
01/07/2018;EUR;Greece;3.35;1;3.35
01/07/2018;GTQ;Guatemala;25.0;7;3.57
01/07/2018;HNL;Honduras;85.0;23;3.7
01/07/2018;HKD;Hong Kong;20.0;7;2.86
01/07/2018;HUF;Hungary;850.0;276;3.08
01/07/2018;INR;India;173.0;68;2.54
01/07/2018;IDR;Indonesia;31500.0;14360;2.19
01/07/2018;EUR;Ireland;4.07;1;4.07
01/07/2018;ILS;Israel;17.0;3;5.67
01/07/2018;EUR;Italy;4.2;1;4.2
01/07/2018;JPY;Japan;390.0;111;3.51
01/07/2018;JOD;Jordan;1.95;1;1.95
01/07/2018;KWD;Kuwait;1.05;1;1.05
01/07/2018;EUR;Latvia;2.7;1;2.7
01/07/2018;LBP;Lebanon;6500.0;1511;4.3
01/07/2018;EUR;Lithuania;2.8;1;2.8
01/07/2018;MYR;Malaysia;8.45;4;2.11
01/07/2018;MXN;Mexico;49.0;19;2.58
01/07/2018;MDL;Moldova;43.0;16;2.69
01/07/2018;EUR;Netherlands;3.79;1;3.79
01/07/2018;NZD;New Zealand;6.2;1;6.2
01/07/2018;NIO;Nicaragua;103.0;31;3.32
01/07/2018;NOK;Norway;42.0;8;5.25
01/07/2018;OMR;Oman;1.05;1;1.05
01/07/2018;PKR;Pakistan;375.0;121;3.1
01/07/2018;PEN;Peru;10.5;3;3.5
01/07/2018;PHP;Philippines;140.0;53;2.64
01/07/2018;PLN;Poland;10.1;3;3.37
01/07/2018;EUR;Portugal;3.25;1;3.25
01/07/2018;QAR;Qatar;12.0;3;4.0
01/07/2018;RON;Romania;9.2;3;3.07
01/07/2018;RUB;Russia;130.0;62;2.1
01/07/2018;SAR;Saudi Arabia;12.0;3;4.0
01/07/2018;SGD;Singapore;5.8;1;5.8
01/07/2018;EUR;Slovakia;3.0;1;3.0
01/07/2018;EUR;Slovenia;2.3;1;2.3
01/07/2018;ZAR;South Africa;31.0;13;2.38
01/07/2018;KRW;South Korea;4500.0;1116;4.03
01/07/2018;EUR;Spain;4.1;1;4.1
01/07/2018;LKR;Sri Lanka;580.0;159;3.65
01/07/2018;SEK;Sweden;51.0;8;6.38
01/07/2018;CHF;Switzerland;6.5;1;6.5
01/07/2018;TWD;Taiwan;69.0;30;2.3
01/07/2018;THB;Thailand;119.0;33;3.61
01/07/2018;TRY;Turkey;10.75;4;2.69
01/07/2018;UAH;Ukraine;50.0;26;1.92
01/07/2018;AED;United Arab Emirates;14.0;3;4.67
01/07/2018;USD;United States;4.62;1;4.62
01/07/2018;UYU;Uruguay;140.0;31;4.52
01/07/2018;VND;Vietnam;65000.0;23039;2.82
01/01/2019;ARS;Argentina;75.0;37;2.03
01/01/2019;AUD;Australia;6.1;1;6.1
01/01/2019;EUR;Austria;3.76;1;3.76
01/01/2019;AZN;Azerbaijan;3.95;1;3.95
01/01/2019;BHD;Bahrain;1.2;1;1.2
01/01/2019;EUR;Belgium;4.2;1;4.2
01/01/2019;BRL;Brazil;16.9;3;5.63
01/01/2019;GBP;Britain;3.19;1;3.19
01/01/2019;CAD;Canada;6.77;1;6.77
01/01/2019;CLP;Chile;2640.0;678;3.89
01/01/2019;CNY;China;20.9;6;3.48
01/01/2019;COP;Colombia;11900.0;3191;3.73
01/01/2019;CRC;Costa Rica;2290.0;606;3.78
01/01/2019;HRK;Croatia;21.0;6;3.5
01/01/2019;CZK;Czech Republic;85.0;22;3.86
01/01/2019;DKK;Denmark;30.0;6;5.0
01/01/2019;EGP;Egypt;40.0;17;2.35
01/01/2019;EUR;Estonia;3.2;1;3.2
01/01/2019;EUR;Euro area;4.05;1;4.05
01/01/2019;EUR;Finland;4.62;1;4.62
01/01/2019;EUR;France;4.2;1;4.2
01/01/2019;EUR;Germany;4.12;1;4.12
01/01/2019;EUR;Greece;3.35;1;3.35
01/01/2019;GTQ;Guatemala;25.0;7;3.57
01/01/2019;HNL;Honduras;85.0;24;3.54
01/01/2019;HKD;Hong Kong;20.0;7;2.86
01/01/2019;HUF;Hungary;850.0;280;3.04
01/01/2019;INR;India;178.0;69;2.58
01/01/2019;IDR;Indonesia;33000.0;14090;2.34
01/01/2019;EUR;Ireland;4.07;1;4.07
01/01/2019;ILS;Israel;17.0;3;5.67
01/01/2019;EUR;Italy;4.2;1;4.2
01/01/2019;JPY;Japan;390.0;108;3.61
01/01/2019;JOD;Jordan;1.95;1;1.95
01/01/2019;KWD;Kuwait;1.05;1;1.05
01/01/2019;EUR;Latvia;2.8;1;2.8
01/01/2019;LBP;Lebanon;6500.0;1507;4.31
01/01/2019;EUR;Lithuania;2.85;1;2.85
01/01/2019;MYR;Malaysia;9.05;4;2.26
01/01/2019;MXN;Mexico;49.0;19;2.58
01/01/2019;MDL;Moldova;40.0;17;2.35
01/01/2019;EUR;Netherlands;4.0;1;4.0
01/01/2019;NZD;New Zealand;6.2;1;6.2
01/01/2019;NIO;Nicaragua;103.0;32;3.22
01/01/2019;NOK;Norway;50.0;8;6.25
01/01/2019;OMR;Oman;1.05;1;1.05
01/01/2019;PKR;Pakistan;460.0;138;3.33
01/01/2019;PEN;Peru;10.5;3;3.5
01/01/2019;PHP;Philippines;140.0;52;2.69
01/01/2019;PLN;Poland;10.5;3;3.5
01/01/2019;EUR;Portugal;3.25;1;3.25
01/01/2019;QAR;Qatar;12.0;3;4.0
01/01/2019;RON;Romania;9.3;4;2.33
01/01/2019;RUB;Russia;110.17;66;1.67
01/01/2019;SAR;Saudi Arabia;12.0;3;4.0
01/01/2019;SGD;Singapore;5.8;1;5.8
01/01/2019;EUR;Slovakia;3.2;1;3.2
01/01/2019;EUR;Slovenia;2.3;1;2.3
01/01/2019;ZAR;South Africa;31.0;13;2.38
01/01/2019;KRW;South Korea;4500.0;1118;4.03
01/01/2019;EUR;Spain;3.95;1;3.95
01/01/2019;LKR;Sri Lanka;580.0;182;3.19
01/01/2019;SEK;Sweden;52.0;8;6.5
01/01/2019;CHF;Switzerland;6.5;1;6.5
01/01/2019;TWD;Taiwan;69.0;30;2.3
01/01/2019;THB;Thailand;119.0;32;3.72
01/01/2019;TRY;Turkey;10.75;5;2.15
01/01/2019;UAH;Ukraine;54.0;27;2.0
01/01/2019;AED;United Arab Emirates;14.0;3;4.67
01/01/2019;USD;United States;4.71;1;4.71
01/01/2019;UYU;Uruguay;140.0;32;4.38
01/01/2019;VND;Vietnam;65000.0;23199;2.8
09/07/2019;ARS;Argentina;120.0;41;2.93
09/07/2019;AUD;Australia;6.15;1;6.15
09/07/2019;EUR;Austria;3.81;1;3.81
09/07/2019;AZN;Azerbaijan;3.95;1;3.95
09/07/2019;BHD;Bahrain;1.4;1;1.4
09/07/2019;EUR;Belgium;4.2;1;4.2
09/07/2019;BRL;Brazil;17.5;3;5.83
09/07/2019;GBP;Britain;3.29;1;3.29
09/07/2019;CAD;Canada;6.77;1;6.77
09/07/2019;CLP;Chile;2640.0;689;3.83
09/07/2019;CNY;China;21.0;6;3.5
09/07/2019;COP;Colombia;11900.0;3227;3.69
09/07/2019;CRC;Costa Rica;2290.0;581;3.94
09/07/2019;HRK;Croatia;22.0;6;3.67
09/07/2019;CZK;Czech Republic;85.0;22;3.86
09/07/2019;DKK;Denmark;30.0;6;5.0
09/07/2019;EGP;Egypt;42.0;16;2.62
09/07/2019;EUR;Estonia;3.2;1;3.2
09/07/2019;EUR;Euro area;4.08;1;4.08
09/07/2019;EUR;Finland;4.75;1;4.75
09/07/2019;EUR;France;4.2;1;4.2
09/07/2019;EUR;Germany;4.14;1;4.14
09/07/2019;EUR;Greece;3.3;1;3.3
09/07/2019;GTQ;Guatemala;25.0;7;3.57
09/07/2019;HNL;Honduras;86.0;24;3.58
09/07/2019;HKD;Hong Kong;20.5;7;2.93
09/07/2019;HUF;Hungary;900.0;290;3.1
09/07/2019;INR;India;183.0;68;2.69
09/07/2019;IDR;Indonesia;32000.0;14130;2.26
09/07/2019;EUR;Ireland;4.3;1;4.3
09/07/2019;ILS;Israel;17.0;3;5.67
09/07/2019;EUR;Italy;4.3;1;4.3
09/07/2019;JPY;Japan;390.0;108;3.61
09/07/2019;JOD;Jordan;2.3;1;2.3
09/07/2019;KWD;Kuwait;1.1;1;1.1
09/07/2019;EUR;Latvia;2.85;1;2.85
09/07/2019;LBP;Lebanon;6500.0;1507;4.31
09/07/2019;EUR;Lithuania;2.85;1;2.85
09/07/2019;MYR;Malaysia;8.85;4;2.21
09/07/2019;MXN;Mexico;50.0;18;2.78
09/07/2019;MDL;Moldova;43.0;17;2.53
09/07/2019;EUR;Netherlands;4.06;1;4.06
09/07/2019;NZD;New Zealand;6.4;1;6.4
09/07/2019;NIO;Nicaragua;110.0;33;3.33
09/07/2019;NOK;Norway;42.0;8;5.25
09/07/2019;OMR;Oman;1.21;1;1.21
09/07/2019;PKR;Pakistan;480.0;157;3.06
09/07/2019;PEN;Peru;10.5;3;3.5
09/07/2019;PHP;Philippines;142.0;51;2.78
09/07/2019;PLN;Poland;10.8;3;3.6
09/07/2019;EUR;Portugal;3.25;1;3.25
09/07/2019;QAR;Qatar;13.0;3;4.33
09/07/2019;RON;Romania;9.3;4;2.33
09/07/2019;RUB;Russia;130.0;63;2.06
09/07/2019;SAR;Saudi Arabia;13.0;3;4.33
09/07/2019;SGD;Singapore;5.8;1;5.8
09/07/2019;EUR;Slovakia;3.2;1;3.2
09/07/2019;EUR;Slovenia;2.4;1;2.4
09/07/2019;ZAR;South Africa;31.0;14;2.21
09/07/2019;KRW;South Korea;4500.0;1180;3.81
09/07/2019;EUR;Spain;3.95;1;3.95
09/07/2019;LKR;Sri Lanka;640.0;175;3.66
09/07/2019;SEK;Sweden;51.0;9;5.67
09/07/2019;CHF;Switzerland;6.5;1;6.5
09/07/2019;TWD;Taiwan;72.0;31;2.32
09/07/2019;THB;Thailand;119.0;30;3.97
09/07/2019;TRY;Turkey;13.99;5;2.8
09/07/2019;UAH;Ukraine;57.0;25;2.28
09/07/2019;AED;United Arab Emirates;14.75;3;4.92
09/07/2019;USD;United States;4.71;1;4.71
09/07/2019;UYU;Uruguay;164.0;35;4.69
09/07/2019;VND;Vietnam;65000.0;23231;2.8
14/01/2020;ARS;Argentina;171.0;60;2.85
14/01/2020;AUD;Australia;6.45;1;6.45
14/01/2020;EUR;Austria;3.84;1;3.84
14/01/2020;AZN;Azerbaijan;3.95;1;3.95
14/01/2020;BHD;Bahrain;1.4;1;1.4
14/01/2020;EUR;Belgium;4.3;1;4.3
14/01/2020;BRL;Brazil;19.9;4;4.97
14/01/2020;GBP;Britain;3.39;1;3.39
14/01/2020;CAD;Canada;6.77;1;6.77
14/01/2020;CLP;Chile;2640.0;772;3.42
14/01/2020;CNY;China;21.5;6;3.58
14/01/2020;COP;Colombia;11900.0;3287;3.62
14/01/2020;CRC;Costa Rica;2350.0;569;4.13
14/01/2020;HRK;Croatia;22.0;6;3.67
14/01/2020;CZK;Czech Republic;85.0;22;3.86
14/01/2020;DKK;Denmark;30.0;6;5.0
14/01/2020;EGP;Egypt;42.0;15;2.8
14/01/2020;EUR;Estonia;3.2;1;3.2
14/01/2020;EUR;Euro area;4.12;1;4.12
14/01/2020;EUR;Finland;4.83;1;4.83
14/01/2020;EUR;France;4.2;1;4.2
14/01/2020;EUR;Germany;4.14;1;4.14
14/01/2020;EUR;Greece;3.3;1;3.3
14/01/2020;GTQ;Guatemala;25.0;7;3.57
14/01/2020;HNL;Honduras;87.0;24;3.62
14/01/2020;HKD;Hong Kong;20.5;7;2.93
14/01/2020;HUF;Hungary;900.0;298;3.02
14/01/2020;INR;India;188.0;70;2.69
14/01/2020;IDR;Indonesia;33000.0;13670;2.41
14/01/2020;EUR;Ireland;4.2;1;4.2
14/01/2020;ILS;Israel;17.0;3;5.67
14/01/2020;EUR;Italy;4.3;1;4.3
14/01/2020;JPY;Japan;390.0;110;3.55
14/01/2020;JOD;Jordan;2.3;1;2.3
14/01/2020;KWD;Kuwait;1.1;1;1.1
14/01/2020;EUR;Latvia;2.85;1;2.85
14/01/2020;LBP;Lebanon;6500.0;1514;4.29
14/01/2020;EUR;Lithuania;2.85;1;2.85
14/01/2020;MYR;Malaysia;9.5;4;2.38
14/01/2020;MXN;Mexico;50.0;18;2.78
14/01/2020;MDL;Moldova;45.0;17;2.65
14/01/2020;EUR;Netherlands;4.09;1;4.09
14/01/2020;NZD;New Zealand;6.5;1;6.5
14/01/2020;NIO;Nicaragua;120.0;33;3.64
14/01/2020;NOK;Norway;53.0;8;6.62
14/01/2020;OMR;Oman;1.155;1;1.16
14/01/2020;PKR;Pakistan;520.0;154;3.38
14/01/2020;PEN;Peru;11.9;3;3.97
14/01/2020;PHP;Philippines;142.0;50;2.84
14/01/2020;PLN;Poland;11.0;3;3.67
14/01/2020;EUR;Portugal;3.25;1;3.25
14/01/2020;QAR;Qatar;13.0;3;4.33
14/01/2020;RON;Romania;9.5;4;2.38
14/01/2020;RUB;Russia;135.0;61;2.21
14/01/2020;SAR;Saudi Arabia;13.0;3;4.33
14/01/2020;SGD;Singapore;5.9;1;5.9
14/01/2020;EUR;Slovakia;3.4;1;3.4
14/01/2020;EUR;Slovenia;2.4;1;2.4
14/01/2020;ZAR;South Africa;31.0;14;2.21
14/01/2020;KRW;South Korea;4500.0;1156;3.89
14/01/2020;EUR;Spain;4.2;1;4.2
14/01/2020;LKR;Sri Lanka;580.0;181;3.2
14/01/2020;SEK;Sweden;51.5;9;5.72
14/01/2020;CHF;Switzerland;6.5;1;6.5
14/01/2020;TWD;Taiwan;72.0;29;2.48
14/01/2020;THB;Thailand;115.0;30;3.83
14/01/2020;TRY;Turkey;12.99;5;2.6
14/01/2020;UAH;Ukraine;57.0;23;2.48
14/01/2020;AED;United Arab Emirates;14.75;3;4.92
14/01/2020;USD;United States;4.82;1;4.82
14/01/2020;UYU;Uruguay;179.0;37;4.84
14/01/2020;VND;Vietnam;66000.0;23176;2.85
01/07/2020;ARS;Argentina;250.0;71;3.52
01/07/2020;AUD;Australia;6.55;1;6.55
01/07/2020;EUR;Austria;3.86;1;3.86
01/07/2020;AZN;Azerbaijan;3.95;1;3.95
01/07/2020;BHD;Bahrain;1.4;1;1.4
01/07/2020;EUR;Belgium;4.35;1;4.35
01/07/2020;BRL;Brazil;20.9;5;4.18
01/07/2020;GBP;Britain;3.39;1;3.39
01/07/2020;CAD;Canada;6.88;1;6.88
01/07/2020;CLP;Chile;2740.0;787;3.48
01/07/2020;CNY;China;21.7;7;3.1
01/07/2020;COP;Colombia;11900.0;3617;3.29
01/07/2020;CRC;Costa Rica;2350.0;581;4.04
01/07/2020;HRK;Croatia;22.0;6;3.67
01/07/2020;CZK;Czech Republic;89.0;23;3.87
01/07/2020;DKK;Denmark;30.0;6;5.0
01/07/2020;EGP;Egypt;42.0;15;2.8
01/07/2020;EUR;Estonia;3.2;1;3.2
01/07/2020;EUR;Euro area;4.21;1;4.21
01/07/2020;EUR;Finland;4.88;1;4.88
01/07/2020;EUR;France;4.2;1;4.2
01/07/2020;EUR;Germany;4.45;1;4.45
01/07/2020;EUR;Greece;3.3;1;3.3
01/07/2020;GTQ;Guatemala;25.0;7;3.57
01/07/2020;HNL;Honduras;87.0;24;3.62
01/07/2020;HKD;Hong Kong;20.5;7;2.93
01/07/2020;HUF;Hungary;900.0;311;2.89
01/07/2020;INR;India;190.0;75;2.53
01/07/2020;IDR;Indonesia;34000.0;14435;2.36
01/07/2020;EUR;Ireland;4.3;1;4.3
01/07/2020;ILS;Israel;17.0;3;5.67
01/07/2020;EUR;Italy;4.3;1;4.3
01/07/2020;JPY;Japan;390.0;107;3.64
01/07/2020;JOD;Jordan;2.3;1;2.3
01/07/2020;KWD;Kuwait;1.15;1;1.15
01/07/2020;EUR;Latvia;2.85;1;2.85
01/07/2020;LBP;Lebanon;9000.0;1512;5.95
01/07/2020;EUR;Lithuania;2.85;1;2.85
01/07/2020;MYR;Malaysia;9.99;4;2.5
01/07/2020;MXN;Mexico;50.0;22;2.27
01/07/2020;MDL;Moldova;47.0;17;2.76
01/07/2020;EUR;Netherlands;4.09;1;4.09
01/07/2020;NZD;New Zealand;6.6;1;6.6
01/07/2020;NIO;Nicaragua;120.0;34;3.53
01/07/2020;NOK;Norway;52.0;9;5.78
01/07/2020;OMR;Oman;1.1;1;1.1
01/07/2020;PKR;Pakistan;550.0;166;3.31
01/07/2020;PEN;Peru;11.9;3;3.97
01/07/2020;PHP;Philippines;142.0;49;2.9
01/07/2020;PLN;Poland;11.0;3;3.67
01/07/2020;EUR;Portugal;3.45;1;3.45
01/07/2020;QAR;Qatar;13.0;3;4.33
01/07/2020;RON;Romania;9.9;4;2.48
01/07/2020;RUB;Russia;135.0;70;1.93
01/07/2020;SAR;Saudi Arabia;14.0;3;4.67
01/07/2020;SGD;Singapore;5.9;1;5.9
01/07/2020;EUR;Slovakia;3.6;1;3.6
01/07/2020;EUR;Slovenia;2.5;1;2.5
01/07/2020;ZAR;South Africa;31.0;16;1.94
01/07/2020;KRW;South Korea;4500.0;1200;3.75
01/07/2020;EUR;Spain;4.1;1;4.1
01/07/2020;LKR;Sri Lanka;680.0;185;3.68
01/07/2020;SEK;Sweden;52.6;9;5.84
01/07/2020;CHF;Switzerland;6.5;1;6.5
01/07/2020;TWD;Taiwan;72.0;29;2.48
01/07/2020;THB;Thailand;128.0;31;4.13
01/07/2020;TRY;Turkey;13.99;6;2.33
01/07/2020;UAH;Ukraine;59.0;27;2.19
01/07/2020;AED;United Arab Emirates;14.75;3;4.92
01/07/2020;USD;United States;4.82;1;4.82
01/07/2020;UYU;Uruguay;189.0;43;4.4
01/07/2020;VND;Vietnam;66000.0;23180;2.85
01/01/2021;ARS;Argentina;320.0;85;3.76
01/01/2021;AUD;Australia;6.48;1;6.48
01/01/2021;EUR;Austria;3.88;1;3.88
01/01/2021;AZN;Azerbaijan;3.95;1;3.95
01/01/2021;BHD;Bahrain;1.5;1;1.5
01/01/2021;EUR;Belgium;4.35;1;4.35
01/01/2021;BRL;Brazil;21.9;5;4.38
01/01/2021;GBP;Britain;3.29;1;3.29
01/01/2021;CAD;Canada;6.77;1;6.77
01/01/2021;CLP;Chile;2940.0;719;4.09
01/01/2021;CNY;China;22.4;6;3.73
01/01/2021;COP;Colombia;12950.0;3460;3.74
01/01/2021;CRC;Costa Rica;2350.0;613;3.83
01/01/2021;HRK;Croatia;23.0;6;3.83
01/01/2021;CZK;Czech Republic;89.0;21;4.24
01/01/2021;DKK;Denmark;30.0;6;5.0
01/01/2021;EGP;Egypt;42.5;15;2.83
01/01/2021;EUR;Estonia;3.2;1;3.2
01/01/2021;EUR;Euro area;4.25;1;4.25
01/01/2021;EUR;Finland;4.87;1;4.87
01/01/2021;EUR;France;4.2;1;4.2
01/01/2021;EUR;Germany;4.46;1;4.46
01/01/2021;EUR;Greece;3.3;1;3.3
01/01/2021;GTQ;Guatemala;25.0;7;3.57
01/01/2021;HNL;Honduras;87.0;24;3.62
01/01/2021;HKD;Hong Kong;20.5;7;2.93
01/01/2021;HUF;Hungary;900.0;297;3.03
01/01/2021;INR;India;190.0;73;2.6
01/01/2021;IDR;Indonesia;34000.0;14125;2.41
01/01/2021;EUR;Ireland;4.4;1;4.4
01/01/2021;ILS;Israel;17.0;3;5.67
01/01/2021;EUR;Italy;4.3;1;4.3
01/01/2021;JPY;Japan;390.0;104;3.75
01/01/2021;JOD;Jordan;2.3;1;2.3
01/01/2021;KWD;Kuwait;1.15;1;1.15
01/01/2021;EUR;Latvia;2.85;1;2.85
01/01/2021;LBP;Lebanon;15500.0;8750;1.77
01/01/2021;EUR;Lithuania;2.9;1;2.9
01/01/2021;MYR;Malaysia;9.99;4;2.5
01/01/2021;MXN;Mexico;54.0;20;2.7
01/01/2021;MDL;Moldova;50.0;17;2.94
01/01/2021;EUR;Netherlands;4.13;1;4.13
01/01/2021;NZD;New Zealand;6.8;1;6.8
01/01/2021;NIO;Nicaragua;124.0;34;3.65
01/01/2021;NOK;Norway;52.0;8;6.5
01/01/2021;OMR;Oman;1.1;1;1.1
01/01/2021;PKR;Pakistan;550.0;160;3.44
01/01/2021;PEN;Peru;11.9;3;3.97
01/01/2021;PHP;Philippines;142.0;48;2.96
01/01/2021;PLN;Poland;13.08;3;4.36
01/01/2021;EUR;Portugal;3.45;1;3.45
01/01/2021;QAR;Qatar;13.0;3;4.33
01/01/2021;RON;Romania;9.9;4;2.48
01/01/2021;RUB;Russia;135.0;74;1.82
01/01/2021;SAR;Saudi Arabia;14.0;3;4.67
01/01/2021;SGD;Singapore;5.9;1;5.9
01/01/2021;EUR;Slovakia;3.7;1;3.7
01/01/2021;EUR;Slovenia;2.5;1;2.5
01/01/2021;ZAR;South Africa;33.5;15;2.23
01/01/2021;KRW;South Korea;4500.0;1097;4.1
01/01/2021;EUR;Spain;4.33;1;4.33
01/01/2021;LKR;Sri Lanka;700.0;189;3.7
01/01/2021;SEK;Sweden;52.88;8;6.61
01/01/2021;CHF;Switzerland;6.5;1;6.5
01/01/2021;TWD;Taiwan;72.0;27;2.67
01/01/2021;THB;Thailand;128.0;30;4.27
01/01/2021;TRY;Turkey;14.99;7;2.14
01/01/2021;UAH;Ukraine;62.0;28;2.21
01/01/2021;AED;United Arab Emirates;14.75;3;4.92
01/01/2021;USD;United States;4.89;1;4.89
01/01/2021;UYU;Uruguay;204.0;42;4.86
01/01/2021;VND;Vietnam;66000.0;23064;2.86
01/07/2021;ARS;Argentina;380.0;96;3.96
01/07/2021;AUD;Australia;6.55;1;6.55
01/07/2021;EUR;Austria;3.92;1;3.92
01/07/2021;AZN;Azerbaijan;3.95;1;3.95
01/07/2021;BHD;Bahrain;1.5;1;1.5
01/07/2021;EUR;Belgium;4.45;1;4.45
01/07/2021;BRL;Brazil;22.9;5;4.58
01/07/2021;GBP;Britain;3.49;1;3.49
01/07/2021;CAD;Canada;6.77;1;6.77
01/07/2021;CLP;Chile;2990.0;759;3.94
01/07/2021;CNY;China;22.4;6;3.73
01/07/2021;COP;Colombia;12950.0;3842;3.37
01/07/2021;CRC;Costa Rica;2370.0;617;3.84
01/07/2021;HRK;Croatia;24.0;6;4.0
01/07/2021;CZK;Czech Republic;89.0;21;4.24
01/07/2021;DKK;Denmark;30.0;6;5.0
01/07/2021;EGP;Egypt;42.5;15;2.83
01/07/2021;EUR;Estonia;3.2;1;3.2
01/07/2021;EUR;Euro area;4.29;1;4.29
01/07/2021;EUR;Finland;4.89;1;4.89
01/07/2021;EUR;France;4.3;1;4.3
01/07/2021;EUR;Germany;4.45;1;4.45
01/07/2021;EUR;Greece;3.3;1;3.3
01/07/2021;GTQ;Guatemala;26.0;7;3.71
01/07/2021;HNL;Honduras;87.0;23;3.78
01/07/2021;HKD;Hong Kong;21.0;7;3.0
01/07/2021;HUF;Hungary;908.0;305;2.98
01/07/2021;INR;India;190.0;74;2.57
01/07/2021;IDR;Indonesia;34000.0;14517;2.34
01/07/2021;EUR;Ireland;4.5;1;4.5
01/07/2021;ILS;Israel;17.0;3;5.67
01/07/2021;EUR;Italy;4.3;1;4.3
01/07/2021;JPY;Japan;390.0;109;3.58
01/07/2021;JOD;Jordan;2.13;1;2.13
01/07/2021;KWD;Kuwait;1.25;1;1.25
01/07/2021;EUR;Latvia;2.85;1;2.85
01/07/2021;LBP;Lebanon;37000.0;22000;1.68
01/07/2021;EUR;Lithuania;2.9;1;2.9
01/07/2021;MYR;Malaysia;9.99;4;2.5
01/07/2021;MXN;Mexico;64.0;20;3.2
01/07/2021;MDL;Moldova;52.0;17;3.06
01/07/2021;EUR;Netherlands;4.22;1;4.22
01/07/2021;NZD;New Zealand;6.9;1;6.9
01/07/2021;NIO;Nicaragua;128.0;35;3.66
01/07/2021;NOK;Norway;57.0;9;6.33
01/07/2021;OMR;Oman;1.15;1;1.15
01/07/2021;PKR;Pakistan;580.0;161;3.6
01/07/2021;PEN;Peru;12.9;3;4.3
01/07/2021;PHP;Philippines;142.0;50;2.84
01/07/2021;PLN;Poland;13.43;3;4.48
01/07/2021;EUR;Portugal;3.45;1;3.45
01/07/2021;QAR;Qatar;13.0;3;4.33
01/07/2021;RON;Romania;10.6;4;2.65
01/07/2021;RUB;Russia;135.0;74;1.82
01/07/2021;SAR;Saudi Arabia;14.0;3;4.67
01/07/2021;SGD;Singapore;5.9;1;5.9
01/07/2021;EUR;Slovakia;3.7;1;3.7
01/07/2021;EUR;Slovenia;2.6;1;2.6
01/07/2021;ZAR;South Africa;33.5;14;2.39
01/07/2021;KRW;South Korea;4600.0;1150;4.0
01/07/2021;EUR;Spain;4.4;1;4.4
01/07/2021;LKR;Sri Lanka;700.0;199;3.52
01/07/2021;SEK;Sweden;54.0;8;6.75
01/07/2021;CHF;Switzerland;6.5;1;6.5
01/07/2021;TWD;Taiwan;72.0;28;2.57
01/07/2021;THB;Thailand;128.0;32;4.0
01/07/2021;TRY;Turkey;19.99;8;2.5
01/07/2021;UAH;Ukraine;65.0;27;2.41
01/07/2021;AED;United Arab Emirates;14.75;3;4.92
01/07/2021;USD;United States;4.93;1;4.93
01/07/2021;UYU;Uruguay;225.0;44;5.11
01/07/2021;VES;Venezuela;16020000;3613989;4.43
01/07/2021;VND;Vietnam;69000.0;23028;3.0
01/01/2022;ARS;Argentina;450.0;105;4.29
01/01/2022;AUD;Australia;6.4;1;6.4
01/01/2022;EUR;Austria;3.8;1;3.8
01/01/2022;AZN;Azerbaijan;4.5;1;4.5
01/01/2022;BHD;Bahrain;1.5;1;1.5
01/01/2022;EUR;Belgium;4.55;1;4.55
01/01/2022;BRL;Brazil;22.9;5;4.58
01/01/2022;GBP;Britain;3.59;1;3.59
01/01/2022;CAD;Canada;6.77;1;6.77
01/01/2022;CLP;Chile;3100.0;798;3.88
01/01/2022;CNY;China;24.4;6;4.07
01/01/2022;COP;Colombia;12950.0;3941;3.29
01/01/2022;CRC;Costa Rica;2650.0;642;4.13
01/01/2022;HRK;Croatia;23.67;6;3.94
01/01/2022;CZK;Czech Republic;89.0;21;4.24
01/01/2022;DKK;Denmark;32.0;6;5.33
01/01/2022;EGP;Egypt;42.5;15;2.83
01/01/2022;EUR;Estonia;3.4;1;3.4
01/01/2022;EUR;Euro area;4.42;1;4.42
01/01/2022;EUR;Finland;4.95;1;4.95
01/01/2022;EUR;France;4.35;1;4.35
01/01/2022;EUR;Germany;4.46;1;4.46
01/01/2022;EUR;Greece;3.4;1;3.4
01/01/2022;GTQ;Guatemala;26.0;7;3.71
01/01/2022;HNL;Honduras;89.0;24;3.71
01/01/2022;HKD;Hong Kong;22.0;7;3.14
01/01/2022;HUF;Hungary;982.0;317;3.1
01/01/2022;INR;India;190.0;74;2.57
01/01/2022;IDR;Indonesia;34000.0;14382;2.36
01/01/2022;EUR;Ireland;4.6;1;4.6
01/01/2022;ILS;Israel;17.0;3;5.67
01/01/2022;EUR;Italy;4.8;1;4.8
01/01/2022;JPY;Japan;390.0;115;3.39
01/01/2022;JOD;Jordan;2.12;1;2.12
01/01/2022;KWD;Kuwait;1.25;1;1.25
01/01/2022;EUR;Latvia;2.85;1;2.85
01/01/2022;LBP;Lebanon;70000.0;21500;3.26
01/01/2022;EUR;Lithuania;2.9;1;2.9
01/01/2022;MYR;Malaysia;9.99;4;2.5
01/01/2022;MXN;Mexico;69.0;20;3.45
01/01/2022;MDL;Moldova;52.0;18;2.89
01/01/2022;EUR;Netherlands;4.4;1;4.4
01/01/2022;NZD;New Zealand;7.0;1;7.0
01/01/2022;NIO;Nicaragua;134.0;35;3.83
01/01/2022;NOK;Norway;57.0;8;7.12
01/01/2022;OMR;Oman;1.15;1;1.15
01/01/2022;PKR;Pakistan;590.0;176;3.35
01/01/2022;PEN;Peru;12.9;3;4.3
01/01/2022;PHP;Philippines;142.0;50;2.84
01/01/2022;PLN;Poland;14.08;4;3.52
01/01/2022;EUR;Portugal;3.45;1;3.45
01/01/2022;QAR;Qatar;13.0;3;4.33
01/01/2022;RON;Romania;10.6;4;2.65
01/01/2022;RUB;Russia;135.0;77;1.75
01/01/2022;SAR;Saudi Arabia;15.0;3;5.0
01/01/2022;SGD;Singapore;5.9;1;5.9
01/01/2022;EUR;Slovakia;3.8;1;3.8
01/01/2022;EUR;Slovenia;2.8;1;2.8
01/01/2022;ZAR;South Africa;39.9;15;2.66
01/01/2022;KRW;South Korea;4600.0;1205;3.82
01/01/2022;EUR;Spain;4.58;1;4.58
01/01/2022;LKR;Sri Lanka;840.0;202;4.16
01/01/2022;SEK;Sweden;54.0;9;6.0
01/01/2022;CHF;Switzerland;6.5;1;6.5
01/01/2022;TWD;Taiwan;75.0;27;2.78
01/01/2022;THB;Thailand;128.0;33;3.88
01/01/2022;TRY;Turkey;24.99;13;1.92
01/01/2022;UAH;Ukraine;69.0;28;2.46
01/01/2022;AED;United Arab Emirates;17.0;3;5.67
01/01/2022;USD;United States;5.04;1;5.04
01/01/2022;UYU;Uruguay;239.0;44;5.43
01/01/2022;VES;Venezuela;23.0;4;5.75
01/01/2022;VND;Vietnam;69000.0;22650;3.05
01/07/2022;ARS;Argentina;590.0;129;4.57
01/07/2022;AUD;Australia;6.7;1;6.7
01/07/2022;EUR;Austria;4.35;1;4.35
01/07/2022;AZN;Azerbaijan;4.7;1;4.7
01/07/2022;BHD;Bahrain;1.6;1;1.6
01/07/2022;EUR;Belgium;4.6;1;4.6
01/07/2022;BRL;Brazil;22.9;5;4.58
01/07/2022;GBP;Britain;3.69;1;3.69
01/07/2022;CAD;Canada;6.77;1;6.77
01/07/2022;CLP;Chile;3400.0;928;3.66
01/07/2022;CNY;China;24.0;6;4.0
01/07/2022;COP;Colombia;14950.0;4295;3.48
01/07/2022;CRC;Costa Rica;2650.0;678;3.91
01/07/2022;HRK;Croatia;27.0;7;3.86
01/07/2022;CZK;Czech Republic;95.0;23;4.13
01/07/2022;EGP;Egypt;46.0;18;2.56
01/07/2022;EUR;Estonia;3.4;1;3.4
01/07/2022;EUR;Euro area;4.65;1;4.65
01/07/2022;EUR;Finland;5.25;1;5.25
01/07/2022;EUR;France;4.7;1;4.7
01/07/2022;EUR;Germany;4.58;1;4.58
01/07/2022;EUR;Greece;4.0;1;4.0
01/07/2022;GTQ;Guatemala;26.0;7;3.71
01/07/2022;HNL;Honduras;89.0;24;3.71
01/07/2022;HKD;Hong Kong;21.0;7;3.0
01/07/2022;HUF;Hungary;1030.0;389;2.65
01/07/2022;INR;India;191.0;79;2.42
01/07/2022;IDR;Indonesia;35000.0;14977;2.34
01/07/2022;EUR;Ireland;5.0;1;5.0
01/07/2022;ILS;Israel;17.0;3;5.67
01/07/2022;EUR;Italy;5.1;1;5.1
01/07/2022;JPY;Japan;390.0;137;2.85
01/07/2022;JOD;Jordan;2.3;1;2.3
01/07/2022;KWD;Kuwait;1.3;1;1.3
01/07/2022;EUR;Latvia;3.0;1;3.0
01/07/2022;LBP;Lebanon;130000.0;25600;5.08
01/07/2022;EUR;Lithuania;3.05;1;3.05
01/07/2022;MYR;Malaysia;10.9;4;2.72
01/07/2022;MXN;Mexico;70.0;20;3.5
01/07/2022;MDL;Moldova;60.0;19;3.16
01/07/2022;EUR;Netherlands;4.5;1;4.5
01/07/2022;NZD;New Zealand;7.1;1;7.1
01/07/2022;NIO;Nicaragua;139.0;35;3.97
01/07/2022;NOK;Norway;62.0;9;6.89
01/07/2022;OMR;Oman;1.42;1;1.42
01/07/2022;PKR;Pakistan;700.0;221;3.17
01/07/2022;PEN;Peru;13.9;3;4.63
01/07/2022;PHP;Philippines;155.0;56;2.77
01/07/2022;PLN;Poland;16.68;4;4.17
01/07/2022;EUR;Portugal;4.0;1;4.0
01/07/2022;QAR;Qatar;13.0;3;4.33
01/07/2022;RON;Romania;11.0;4;2.75
01/07/2022;SAR;Saudi Arabia;17.0;3;5.67
01/07/2022;SGD;Singapore;5.9;1;5.9
01/07/2022;EUR;Slovakia;3.9;1;3.9
01/07/2022;EUR;Slovenia;3.2;1;3.2
01/07/2022;ZAR;South Africa;39.9;17;2.35
01/07/2022;KRW;South Korea;4600.0;1313;3.5
01/07/2022;EUR;Spain;4.58;1;4.58
01/07/2022;LKR;Sri Lanka;1340.0;360;3.72
01/07/2022;SEK;Sweden;57.0;10;5.7
01/07/2022;CHF;Switzerland;6.5;1;6.5
01/07/2022;TWD;Taiwan;75.0;29;2.59
01/07/2022;THB;Thailand;128.0;36;3.56
01/07/2022;TRY;Turkey;47.0;17;2.76
01/07/2022;AED;United Arab Emirates;18.0;3;6.0
01/07/2022;USD;United States;5.15;1;5.15
01/07/2022;UYU;Uruguay;255.0;41;6.22
01/07/2022;VES;Venezuela;10.0;5;2.0
01/07/2022;VND;Vietnam;69000.0;23417;2.95
